,Unnamed: 0,artist_id,artist_name
0,0,1405,Shakira
6,6,1138929,Prince Royce & Shakira
10,10,622140,CNCO
15,15,1631479,CNCO
20,20,828,Ricky Martin
30,30,1440188,Cardi B
31,31,1202954,J Balvin & Willy William
32,32,1407355,Nicky Jam & J Balvin
34,34,1587228,Chris Jeday
35,35,223925,J Balvin
36,36,1724859,Anitta & J Balvin
37,37,1576647,Bad Bunny
38,38,1561035,David Guetta
39,39,1449207,Liam Payne & J Balvin
40,40,403538,Zion & Lennox
43,43,1583402,Zion & Lennox
50,50,344693,Carlos Vives
60,60,458858,Sebasti√°n Yatra
67,67,1539255,Sebasti√°n Yatra & Isabela Moner
68,68,1594408,Sebasti√°n Yatra & Beret
70,70,150934,The Chainsmokers
71,71,1091336,The Chainsmokers & Coldplay
79,79,1452854,The Chainsmokers & Drew Love
80,80,1119780,Luis Fonsi & Daddy Yankee
81,81,1240266,Genius Translations
82,82,1823,Daddy Yankee
83,83,1258177,Camila Cabello & Daddy Yankee
90,90,2358,The Weeknd
100,100,41287,DJ Snake
110,110,1004541,IAmChino
118,118,546789,Genius en Espa√±ol
119,119,1102825,China Fox
120,120,500,Bruno Mars
126,126,1577927,Gucci Mane
129,129,1730061,Cardi B & Bruno Mars
130,130,13539,Maroon 5
140,140,1111425,Christian Nodal
150,150,106693,Clean Bandit
160,160,405706,Piso 21
167,167,1500630,Robin Schulz & Piso 21
170,170,8362,Enrique Iglesias
180,180,405415,Maluma
190,190,640693,Ozuna
195,195,1570651,"Ozuna & Ele A ""El Dominio"""
200,200,358160,Chino & Nacho
220,220,26507,Ariana Grande
240,240,2069,Calvin Harris
243,243,1425396,Calvin Harris & Dua Lipa
244,244,1553003,Calvin Harris & Sam Smith
250,250,250301,Charlie Puth
260,260,130,Drake
270,270,32131,Wisin
274,274,13157,Wisin & Yandel
280,280,1296540,Martin Garrix & Dua Lipa
281,281,1296302,Martin Garrix & Bebe Rexha
282,282,1271116,Martin Garrix & David Guetta
283,283,1144595,Martin Garrix & Troye Sivan
284,284,65238,Martin Garrix
286,286,1392177,David Guetta
287,287,1012415,Martin Garrix & Ti√´sto
289,289,1604666,Martin Garrix & Pierce Fulton
290,290,665,Major Lazer
296,296,1230606,Major Lazer & DJ Maphorisa
298,298,1322459,Cashmere Cat
300,300,344914,Alejandro Fern√°ndez
310,310,23796,‚Äãtwenty one pilots
320,320,343803,Thal√≠a
330,330,490779,Banda Sinaloense MS de Sergio Liz√°rraga
340,340,1296456,Rvssian
341,341,1707137,Pedro Cap√≥ & Farruko
343,343,1504749,Anuel AA
344,344,152199,Farruko
346,346,1752753,Myke Towers & Farruko
347,347,1440426,Abraham Mateo
350,350,654,Mike Posner
360,360,17085,Cartel de Santa
370,370,70113,BTS
372,372,15792,Steve Aoki
373,373,1044201,Steve Aoki & Louis Tomlinson
375,375,1251784,Steve Aoki & Lauren Jauregui
376,376,404483,Steve Aoki & Angger Dimas
378,378,1617257,Steve Aoki
379,379,670767,Steve Aoki & Boehm
380,380,339472,ZAYN
382,382,1043198,ZAYN & Taylor Swift
400,400,1467082,Logic & Juanes
401,401,54791,Juanes
410,410,405252,Ariel Camacho Y Los Plebes Del Rancho
420,420,177756,Rae Sremmurd
450,450,365092,Tommy Torres
451,451,277076,Pablo Albor√°n
452,452,1063915,Jean Carlos Heigl
453,453,1310533,Jesse y Joy & Gente de Zona
454,454,204611,Genius
455,455,69342,Spotify
458,458,351264,Krey
459,459,26810,Jesse Jones
461,461,138906,Nicky Jam
468,468,1544295,Nicky Jam
470,470,406125,Sof√≠a Reyes
471,471,1641227,Yellow Claw & Sof√≠a Reyes
500,500,632979,Jonas Blue
505,505,1571566,MK
509,509,1418834,Sabrina Carpenter & Jonas Blue
520,520,367239,Los √Ångeles Azules
530,530,334,Justin Timberlake
560,560,354376,Luis Miguel
600,600,346373,Reik
603,603,1569348,Reik & Maluma
610,610,16775,Sia
617,617,79028,Sivas
619,619,13325,Ma√Ætre Gims
620,620,34107,James Arthur
626,626,1600467,James Arthur & Anne-Marie
640,640,150394,Gente De Zona
660,660,459343,Charly Black
668,668,1218503,Charly Black & Luis Fonsi
670,670,349674,Julion Alvarez Y Su Norteno Banda
680,680,374824,Joey Montana
690,690,615500,Los Plebes del Rancho de Ariel Camacho
700,700,195029,Shawn Mendes
707,707,1740394,Shawn Mendes & Camila Cabello
750,750,347385,Calibre 50
760,760,68582,Le√≥n Larregui
770,770,357,Justin Bieber
775,775,1195838,Justin Bieber & BloodPop¬Æ
777,777,1695396,Jack √ú & Justin Bieber
810,810,565381,DNCE
820,820,624481,Anuel AA
825,825,404512,Christmas Songs
829,829,170,Kurupt
850,850,999629,Kungs & Cookin' On 3 Burners
851,851,1500998,Kungs & Stargate
852,852,669217,Kungs
854,854,226671,Fricky
858,858,1025526,Kungs & Mozambo
860,860,482494,La adictiva banda san jos√© de mesillas
870,870,270518,Paulina Rubio
880,880,491975,Morat
890,890,1064468,Ulices Chaidez Y Sus Plebes
900,900,456537,Alan Walker
902,902,1659070,Alan Walker & Sophia Somajo
903,903,1642872,Alan Walker
908,908,262801,Ina Wroldsen
909,909,1654097,Alan Walker
920,920,161157,Gerardo Ortiz
930,930,367203,Bacilos
950,950,1151884,Alta Consigna
959,959,556414,Vegas Jones
960,960,352807,Banda Los Recoditos
980,980,388604,Juan Mag√°n
983,983,1519294,Ana Guerra & Juan Mag√°n
985,985,1741320,Topic
1000,1000,1589111,Marc Anthony
1001,1001,13096,Marc Anthony
1006,1006,1033478,Jennifer Lopez & Marc Anthony
1030,1030,991355,Nevada
1031,1031,366199,Vicetone
1032,1032,1566836,Nevada & Loote
1033,1033,12418,Ed Sheeran
1034,1034,25680,‚Äãblackbear
1035,1035,247683,Machete Empire Records
1036,1036,169123,Attack Attack!
1037,1037,19364,Atreyu
1038,1038,355297,Scout Niblett
1039,1039,581698,Liam Payne
1050,1050,60437,Fifth Harmony
1060,1060,118792,Alejandro Sanz
1070,1070,1065439,Crecer Germ√°n
1073,1073,1255934,Grupo Codiciado
1075,1075,55782,SFDK
1076,1076,1057771,Zumpiattes
1077,1077,356955,Caballeros De La Quema
1078,1078,353522,Grupo Logos
1079,1079,44012,Dealema
1100,1100,402322,La Arrolladora Banda El Lim√≥n De Ren√© Camacho
1110,1110,1496274,Alok & Bruno Martini
1111,1111,1549226,Ina Wroldsen & Alok
1112,1112,999347,Alok
1114,1114,1496272,Alok & Bhaskar
1115,1115,1457484,Alok
1116,1116,1439969,Alok & Mathieu Koss
1118,1118,1465011,Alok
1119,1119,233069,Mamonas Assassinas
1120,1120,355570,Joan Sebastian
1190,1190,89,Rihanna
1195,1195,1254058,N.E.R.D & Rihanna
1196,1196,1586713,Rihanna
1210,1210,32132,Yandel
1215,1215,1528656,Yandel & Farruko
1219,1219,1266389,Noriel
1230,1230,111722,Milky Chance
1240,1240,62408,Raphael de la Ghetto
1241,1241,72601,De La Ghetto
1250,1250,270484,Tatiana Manaois
1251,1251,860,Gorillaz
1252,1252,17582,Brand New
1253,1253,82208,Lea Salonga
1254,1254,14259,Manau
1255,1255,653968,Tankurt Manas
1256,1256,573737,EMTee
1258,1258,569063,Canserbero & Lil Supa'
1259,1259,19217,Vald
1270,1270,344364,Cristian Castro
1290,1290,991853,Sak Noel & Salvi
1292,1292,617447,Kintsugi
1293,1293,654247,MSK
1294,1294,529020,Ravi (NO)
1295,1295,85353,Cacife Clandestino
1296,1296,25643,Klovner I Kamp
1297,1297,263454,Tit√£s
1298,1298,1507735,Genius Romanizations
1299,1299,1111936,AgaH2O
1330,1330,484307,Mon Laferte
1340,1340,175579,Robin Schulz
1341,1341,1685959,Nick Jonas & Robin Schulz
1343,1343,191253,Lilly Wood & The Prick
1345,1345,6996,Mr. Probz
1346,1346,1275335,Robin Schulz & David Guetta & Cheat Codes
1347,1347,1211257,Robin Schulz & HUGEL
1348,1348,1214082,Robin Schulz & Marc Scibilia
1350,1350,651111,Niall Horan
1355,1355,1243691,Niall Horan & Maren Morris
1360,1360,348226,Luis Enrique
1369,1369,262038,Luis Enrique Mej√≠a Godoy
1370,1370,60768,Lukas Graham
1380,1380,343628,Timbiriche
1392,1392,1280523,Ed Sheeran & Beyonce
1400,1400,338486,Cali Y El Dandee
1421,1421,8351,Coldplay
1430,1430,5510,Don Omar
1436,1436,1652768,Farruko & Don Omar
1437,1437,1670369,Daddy Yankee & Don Omar
1480,1480,127642,Tove Lo
1510,1510,377002,Cheat Codes
1511,1511,1031581,Cheat Codes & Dante Klein
1512,1512,1144805,Cheat Codes & Cade
1513,1513,1052284,Cheat Codes & Kris Kross Amsterdam
1515,1515,557178,Maggie Lindemann
1518,1518,1183967,Cheat Codes & Nicky Romero
1519,1519,1017396,Quintino & Cheat Codes
1520,1520,278311,Kygo
1524,1524,1167701,Kygo & Ellie Goulding
1526,1526,1500423,Kygo & Imagine Dragons
1530,1530,99894,El Komander
1550,1550,544871,R. City
1560,1560,703,Foster The People
1570,1570,336020,Natalia Lafourcade
1577,1577,348192,El Canto Del Loco
1580,1580,656936,Jacob Forever
1610,1610,354184,Kabah
1620,1620,45349,Charli XCX
1624,1624,1593173,Charli XCX & Troye Sivan
1640,1640,281669,Kevin Rold√°n
1641,1641,1056723,Amenazzy
1660,1660,402461,La Quinta Estaci√≥n
1690,1690,597515,Ypo
1691,1691,387622,Enzo Avitabile
1692,1692,382053,Enzo Carella
1693,1693,355052,Enzo Jannacci
1694,1694,1408,Maino
1695,1695,65951,PlatanoPeddler
1696,1696,33880,Gu√® Pequeno
1697,1697,1658427,YRB Drako
1698,1698,1099716,Mauro Marsu
1699,1699,1487562,OG Bobby
1700,1700,626678,Desiigner
1730,1730,359349,Fidel Rueda
1740,1740,453636,Alfredo Olivas
1750,1750,406029,Reykon
1780,1780,159154,Galantis
1784,1784,1009174,Galantis & Hook N Sling
1785,1785,1218387,Galantis & Throttle
1787,1787,1208090,Galantis & ROZES
1790,1790,452424,R√≠o Roma
1800,1800,385126,Tony Camargo
1802,1802,1507,Sniper
1803,1803,29744,Joseph Conrad
1804,1804,13060,Charles Aznavour
1805,1805,1025805,Eddy Jimmy Martin & Anthony Serra
1806,1806,671931,P2
1807,1807,118843,Henri Salvador
1808,1808,362913,Gilles Vigneault
1809,1809,26055,Alain Souchon
1830,1830,139656,Cosculluela
1833,1833,1579369,Jon Z
1835,1835,1675906,Casper M√°gico
1860,1860,498,Beyonc√©
1861,1861,216609,Fetty Wap
1863,1863,563,Queen
1866,1866,1304579,Queen Naija
1869,1869,15740,Lana Del Rey
1930,1930,354949,Juan Gabriel
1940,1940,2300,Adele
1960,1960,155057,Deorro
1965,1965,619176,Deorro & Will Sparks
1970,1970,346345,Pepe Aguilar
1971,1971,1742609,Angela Aguilar & Pepe Aguilar
2000,2000,371779,Carlos Rivera
2020,2020,654589,Terror Jr
2030,2030,182312,Zoey Dollaz
2031,2031,1602083,Nimo & Capo
2032,2032,43573,FAUVE
2033,2033,859,Gorilla Zoe
2034,2034,68584,Zo√©
2037,2037,1254604,Zoe Saldana
2038,2038,508798,Zo√´ Kravitz
2050,2050,1052299,Hailee Steinfeld & Grey
2051,2051,547449,Hailee Steinfeld
2052,2052,1659828,Hailee Steinfeld & Alesso
2053,2053,1315984,Hailee Steinfeld & BloodPop¬Æ
2060,2060,352970,Ha-Ash
2080,2080,67223,Yuridia
2151,2151,1168197,Dante Klein & The 87's
2152,2152,641746,Dante Klein
2153,2153,1361063,Dante Klein & Dylan Jagger
2154,2154,1451602,Dante Klein & Jantine
2157,2157,1537265,Dante Klein & Cat Carpenters
2158,2158,1742123,Dante Klein
2160,2160,369334,Sin Bandera
2190,2190,1515613,MYA
2191,2191,1012056,Feid
2220,2220,343645,Pante√≥n Rococ√≥
2230,2230,984358,Starley
2260,2260,4,Lil Wayne
2262,2262,1105909,Nicki Minaj
2264,2264,1487427,Drake
2267,2267,1561539,Lil Wayne
2280,2280,2578,David Guetta
2284,2284,1558945,Jason Derulo & David Guetta
2287,2287,1385162,Sean Paul & David Guetta
2288,2288,1431146,David Guetta & Sia
2289,2289,1249778,David Guetta & Afrojack
2290,2290,13763,Christina Perri
2300,2300,876839,Mike Perry
2302,2302,1091747,Mike Perry & Hot Shade
2305,2305,1039160,Hot Shade & Mike Perry
2310,2310,360787,Carlos Baute
2320,2320,365,John Legend
2328,2328,1589686,John Legend & WENDY
2330,2330,218766,Xantos
2370,2370,1494027,Lady Gaga & Bradley Cooper
2371,2371,447,Lady Gaga
2380,2380,1665,Machine Gun Kelly
2381,2381,1416685,Machine Gun Kelly & Camila Cabello
2382,2382,1684885,Machine Gun Kelly
2399,2399,1136463,Jesse Jo Stark
2400,2400,353717,Ricardo Montaner
2420,2420,43383,Sam Smith
2480,2480,1015048,Zay Hilfigerrr
2482,2482,20551,Bart Baker
2486,2486,989176,Bali Baby
2487,2487,1531748,City Of Angelo
2488,2488,1406214,Lil Boii Kantu
2519,2519,483838,Manuel Medrano
2529,2529,365909,Beatriz Luengo
2539,2539,361468,Caf√© Tacvba
2569,2569,15695,Martin Solveig
2572,2572,485079,Martin Solveig & GTA
2575,2575,389850,Martin Solveig & The Cataracs
2579,2579,72916,The Vamps
2580,2580,1122649,The Vamps & Martin Jensen
2581,2581,1118420,The Vamps & Matoma
2588,2588,1407292,Danny Avila & The Vamps
2589,2589,1174,Kings of Leon
2599,2599,539524,Matisse & Sadko
2600,2600,1663063,Matisse (MX)
2601,2601,1012419,Martin Garrix & Matisse & Sadko
2603,2603,491003,M-3ox
2606,2606,360283,Matisse
2609,2609,21100,Oasis
2619,2619,55903,Zara Larsson
2621,2621,646114,Zara Larsson & MNEK
2669,2669,253284,Enjambre
2690,2690,1560123,Karol G & Anuel AA
2697,2697,1629235,DJ Luian
2709,2709,492,Big Sean
2710,2710,1559094,Bad Bunny
2711,2711,229871,PlanBe
2712,2712,1463,Plan B
2714,2714,44080,Migos
2717,2717,351610,Plan B (PR)
2729,2729,241761,DRAM
2730,2730,325757,Roy Woods
2732,2732,301,DJ Drama
2735,2735,633346,AK Ausserkontrolle
2736,2736,25561,Tinashe
2737,2737,16751,Chance the Rapper
2769,2769,1084521,Zedd & Alessia Cara
2770,2770,394321,Alessia Cara
2774,2774,161507,Troye Sivan
2800,2800,344497,Luis Fonsi
2804,2804,1250386,Luis Fonsi & Demi Lovato
2806,2806,1500232,Luis Fonsi & Stefflon Don
2809,2809,14181,The xx
2849,2849,1232654,Ti√´sto & Dzeko
2851,2851,1082,Ti√´sto
2852,2852,1018146,Ti√´sto & KSHMR
2857,2857,977386,Calum Scott
2858,2858,1207123,Ti√´sto & Oliver Heldens
2870,2870,484965,Martin Jensen
2873,2873,1525062,Martin Jensen & Olivia Holt
2875,2875,1744553,Martin Jensen & James Arthur
2878,2878,513419,Sigala
2879,2879,25939,Sage The Gemini
2886,2886,1120685,Jeremih
2909,2909,356386,Jarabe De Palo
2949,2949,525432,Justin Quiles
2954,2954,1406592,Justin Quiles & Sech
2956,2956,1539296,Valentino
2960,2960,690350,Bad Bunny
2961,2961,1593971,Nio Garc√≠a
2979,2979,247886,LANY
2986,2986,30153,Mac DeMarco
2989,2989,357907,Los Enanitos Verdes
3029,3029,315233,Joaqu√≠n Sabina
3049,3049,6234,Jamiroquai
3079,3079,49549,Danny Ocean
3086,3086,12219,LEGIT
3087,3087,1738486,Digital Farm Animals & Danny Ocean
3090,3090,1345224,Migos
3119,3119,220055,Ryan Gosling
3122,3122,569121,Genius T√ºrk√ße √áeviri
3124,3124,140856,Genius Traductions Fran√ßaises
3125,3125,984895,–ø—Ä—ã–≥–∞–π –∫–∏—Å–∫–∞ (kiska)
3126,3126,227332,Late Cambrian
3159,3159,1043521,La La Land Cast
3161,3161,992687,Vimto(TaylorSwift14)
3162,3162,1134516,Josiah Botting
3163,3163,506,Tech N9ne
3164,3164,161407,Genius Polska T≈Çumaczenia
3165,3165,131228,Academy of Motion Picture Arts and Sciences
3166,3166,99381,Patrick Bateson and Kevin N. Laland
3167,3167,165189,Marion Ravn
3168,3168,409643,Julia Michaels
3174,3174,1232354,Maroon 5 & Julia Michaels
3178,3178,978048,Stanaj
3188,3188,1108247,Lucah
3190,3190,292165,Sederwall
3191,3191,655029,CHUGINGERS
3192,3192,377405,Vazquez Sounds
3194,3194,68345,Los Tigres Del Norte
3195,3195,1598413,Pak Itam
3196,3196,345077,Joyner Lucas
3198,3198,358670,Ricardo Arjona
3238,3238,29472,Imagine Dragons
3258,3258,943,Depeche Mode
3308,3308,564416,A R I Z O N A
3309,3309,566912,Rich Brian
3312,3312,203,Public Enemy
3314,3314,984907,Arizona Zervas
3316,3316,624209,Recycled J
3328,3328,1195,Katy Perry
3368,3368,278419,Soda Stereo
3378,3378,1087762,Costera
3387,3387,354525,Tazenda
3408,3408,187277,Bag Raiders
3418,3418,2487,Jennifer Lopez
3438,3438,363417,Carla Morrison
3443,3443,367468,Gepe
3468,3468,23895,U2
3473,3473,81663,Mert
3489,3489,69,J. Cole
3490,3490,15758,The Cure
3496,3496,25889,Little Mix
3498,3498,533,Aerosmith
3508,3508,17657,Yeah Yeah Yeahs
3538,3538,18512,Florence + The Machine
3598,3598,14717,Romeo Santos
3608,3608,1581,Linkin Park
3613,3613,385596,Jay-Z & Linkin Park
3618,3618,158,DJ Khaled
3628,3628,49698,Cashmere Cat
3639,3639,20185,Travis Scott
3641,3641,72045,Jack √ú
3646,3646,14693,Kaaris
3668,3668,26593,Jon Bellion
3740,3740,13246,Prince Royce
3743,3743,1432768,Noriel & Prince Royce
3745,3745,1617717,CNCO & Prince Royce
3759,3759,1462900,Zedd
3760,3760,1525922,Zedd & Elley Duh√©
3761,3761,24215,Zedd
3762,3762,1205705,Zedd & Liam Payne
3766,3766,1705727,Zedd & Katy Perry
3768,3768,480487,Mario Bautista
3775,3775,1567103,Mario Bautista
3788,3788,1110428,Afrojack & David Guetta
3789,3789,11439,Afrojack
3794,3794,1464240,Afrojack x Jewelz & Sparks
3795,3795,1263966,DubVision & Afrojack
3796,3796,1016011,Fais & Afrojack
3807,3807,335149,Regulo Caro
3837,3837,36944,Lorde
4027,4027,27578,StarGate
4031,4031,1650899,Los Unidades & Stargate
4033,4033,1351,Leak Bros
4034,4034,44934,JiGzTHeFLYeR
4035,4035,544039,Sofia Carson
4057,4057,359499,Caifanes
4061,4061,72366,Los Caifanes
4097,4097,1515154,Arc√°ngel & Bad Bunny
4098,4098,37899,Arc√°ngel
4101,4101,1533986,Anuel AA & Arc√°ngel
4106,4106,1578046,Arc√°ngel
4117,4117,1037688,Burak Yeter
4118,4118,354766,Ajda Pekkan
4122,4122,296675,Anne-Marie
4123,4123,562241,Ayg√ºn Kazƒ±mova
4124,4124,36416,Rudimental
4125,4125,1184513,Burak Yeter & Ryan Riback
4197,4197,344604,Hombres G
4227,4227,168236,Jax Jones
4230,4230,1506505,Jax Jones & Mabel
4235,4235,1125739,MC Fioti
4298,4298,572241,Chris Jeday
4327,4327,17764,Jason Derulo
4377,4377,1421,Kendrick Lamar
4407,4407,22457,Harry Styles
4517,4517,484852,Millonario & w. corona
4519,4519,243967,Millonario y W. Corona
4522,4522,1423661,Nino Freestyle
4523,4523,2197,Future
4524,4524,568186,Drake & Future
4525,4525,1739,Odd Future
4527,4527,1403568,Jay Rock
4533,4533,118595,Lord Huron
4543,4543,1203660,Ofenbach & Nick Waterhouse
4544,4544,649045,Ofenbach
4545,4545,1433520,Ofenbach Vs. Lack Of Afro
4548,4548,370175,Lily & Madeleine
4550,4550,104044,Bebe Rexha
4551,4551,52078,Portugal. The Man
4553,4553,72961,Los Fabulosos Cadillacs
4613,4613,50963,Nacho
4618,4618,482229,Blue Sky Black Death & Nacho Picasso
4619,4619,1424,Rocko
4620,4620,18280,Nacho Picasso
4623,4623,452524,Dvicio
4673,4673,22531,Paramore
4693,4693,353538,Chayanne
5013,5013,2579,Fleetwood Mac
5023,5023,29232,Electric Light Orchestra
5043,5043,150855,Jory Boy
5143,5143,185672,MC Davo
5193,5193,344714,Gloria Trevi
5213,5213,326362,Post Malone
5219,5219,1609233,Post Malone & Swae Lee
5223,5223,453399,Moenia
5263,5263,368121,Denise de Kalafe
5270,5270,17237,Foo Fighters
5280,5280,805,Miley Cyrus
5290,5290,12417,A$AP Rocky
5291,5291,7811,Fall Out Boy
5292,5292,763,Phoenix
5295,5295,20503,Young Thug
5296,5296,52318,K.A.A.N.
5297,5297,20190,Casseurs Flowters
5298,5298,20441,Moe Phoenix
5410,5410,350758,Axwell
5411,5411,63496,Two Friends
5420,5420,284075,Maite Perroni
5450,5450,1280104,G-Eazy & Halsey
5451,5451,1628850,‚Äãbenny blanco
5452,5452,228636,Halsey
5460,5460,45372,Selena Gomez
5461,5461,1235500,Selena Gomez & Marshmello
5470,5470,39547,Audioslave
5480,5480,19976,Soundgarden
5520,5520,609667,Camila Cabello
5531,5531,1514198,Liam Payne & Rita Ora
5539,5539,1251160,Drop The Mic
5550,5550,934,OneRepublic
5553,5553,1254453,OneRepublic & Seeb
5560,5560,47131,PARTYNEXTDOOR
5561,5561,13088,Muse
5563,5563,60486,O.C.A.D
5590,5590,1132272,Manuel Turizo
5594,5594,1709554,Manuel Turizo & Ozuna
5600,5600,14598,Iggy Azalea
5610,5610,1528553,Brytiago & Darell
5611,5611,625138,Brytiago
5614,5614,1255904,Benny Benni
5619,5619,1570643,Sinf√≥nico
5780,5780,1583,French Montana
5940,5940,1177,Taylor Swift
5960,5960,56991,C. Tangana
5970,5970,217208,Lil Uzi Vert
6000,6000,637,Guns N‚Äô Roses
6030,6030,599,The Killers
6130,6130,347690,Abraham Mateo
6134,6134,1623391,Abraham Mateo & Yenddi
6151,6151,1593953,Karol G & Bad Bunny
6153,6153,1593957,Karol G
6154,6154,530703,Karol G
6157,6157,1620292,Karol G & Maluma
6158,6158,1433185,Karol G & Shaggy
6250,6250,405344,Caloncho
6270,6270,1018114,J Alvarez
6290,6290,356622,Melendi
6320,6320,1443544,JD Pantoja
6340,6340,1519,Kesha
6370,6370,1161865,Chyno Miranda
6373,6373,1689605,Tomas The Latin Boy & Chyno Miranda
6374,6374,1577658,Chyno Miranda & J Balvin
6376,6376,669943,Apache (Las Minas)
6377,6377,482441,Sanluis
6378,6378,1415426,EstoeSPosdata
6379,6379,1441581,Agust√≠n Casanova
6390,6390,13531,Demi Lovato
6410,6410,30426,Becky G
6411,6411,1452123,Becky G & Natti Natasha
6414,6414,1543419,Becky G & Paulo Londra
6450,6450,338777,Lauv
6453,6453,1699941,Lauv & Troye Sivan
6490,6490,402425,Felipe Pel√°ez
6500,6500,555561,Dua Lipa
6506,6506,1570288,Dua Lipa & BLACKPINK
6507,6507,1569564,Silk City & Dua Lipa
6532,6532,531151,Ghali
6533,6533,14297,Sister Nancy
6534,6534,45824,The 1975
6535,6535,53342,Fuse ODG
6537,6537,383998,RADWIMPS
6538,6538,26369,Tame Impala
6539,6539,29229,Nancy Sinatra
6610,6610,576610,Louis Tomlinson
6680,6680,2,JAY-Z
6681,6681,652275,JAY-Z & Kanye West
6684,6684,1408735,THE CARTERS
6780,6780,453981,CD9
6800,6800,1444108,Skrillex & Rick Ross
6801,6801,1748342,The Game ft. Skrillex
6802,6802,41455,Hundred Waters
6803,6803,26092,Epic Rap Battles of History
6804,6804,985152,ZHU
6805,6805,15496,Skrillex
6820,6820,270709,DaSoul
6824,6824,528963,Henry Mendez
6828,6828,453679,Kiko rivera
6831,6831,1496275,Bruno Martini & Zeeba
6832,6832,1020225,Bruno Martini
6833,6833,1237742,Bruno Martini & Timbaland
6835,6835,1701374,Cat Dealers
6837,6837,235874,Tribalistas
6839,6839,264404,Dennis DJ
6900,6900,1019877,Alex Sensation
6902,6902,1582640,Alex Sensation & Nicky Jam
6908,6908,1133145,Music√≥logo The Libro
6930,6930,2525,Macklemore & Ryan Lewis
6934,6934,2026,Macklemore
6950,6950,53932,DJ Arafat
6951,6951,11105,Voltio
6952,6952,185629,Aeon The Ace
6954,6954,628,Pitbull
6955,6955,2651,Tyrese
6956,6956,183819,Milka La Mas Dura
6957,6957,254304,Frenna
6959,6959,17491,Avicii
7031,7031,647871,Trinidad Cardona
7032,7032,34513,Mick Jenkins
7035,7035,128108,Jennifer Nettles
7036,7036,362,Alicia Keys
7037,7037,24715,Birdy
7038,7038,1056783,Brian Johnson & Jenn Johnson
7139,7139,438,Chris Brown
7141,7141,322517,Chris Brown & Tyga
7148,7148,1401054,Joyner Lucas & Chris Brown
7169,7169,694,Pink Floyd
7189,7189,1402544,Marshmello & Anne-Marie
7190,7190,1611833,Marshmello & Bastille
7191,7191,582361,Marshmello
7194,7194,1293217,Marshmello & Lil Peep
7195,7195,1406211,Logic & Marshmello
7197,7197,1290167,Far East Movement & Marshmello
7198,7198,1246499,Migos & Marshmello
7351,7351,531856,Natti Natasha
7354,7354,1476820,Natti Natasha & Daddy Yankee
7369,7369,1162774,El Ezequiel
7372,7372,1404387,La Plebada
7373,7373,1006660,Malajunta Malandro
7374,7374,1164218,Nahue MC
7375,7375,1046502,EZ El Ezeta
7377,7377,363854,Los Huracanes Del Norte
7378,7378,1037443,Duki
7439,7439,1444143,Billie Eilish & Khalid
7440,7440,9932,Khalid
7445,7445,1385240,Khalid & Normani
7469,7469,345,P!nk
7471,7471,1467924,Lil' Kim
7519,7519,396565,XXXTENTACION
7528,7528,1614425,XXXTENTACION & Lil Pump
7529,7529,7922,Logic
7679,7679,127606,Luciano
7680,7680,415,Bobby V
7681,7681,43738,Valentino Khan
7684,7684,33752,Marracash
7686,7686,1175461,$us Valentino
7688,7688,91049,Gunna
7691,7691,612017,Rvssian
7692,7692,1599475,Rvssian & Sfera Ebbasta
7697,7697,1572304,Rvssian
7698,7698,1376254,Genius Traducciones al Espa√±ol
7699,7699,388552,Remmy Valenzuela
7769,7769,359607,Vicente Fern√°ndez
7799,7799,91228,Valentin Elizalde
7809,7809,11650,Lacrim
7811,7811,72600,√ëengo Flow
7813,7813,1635289,Tefi Valenzuela
7814,7814,455715,Loquillo y Los Intocables
7815,7815,22863,La Oreja De Van Gogh
7816,7816,27133,Violadores del Verso
7817,7817,343725,Intocable
7839,7839,405375,Banda Tierra Sagrada
7849,7849,344454,Roc√≠o D√∫rcal
7879,7879,364946,El Chapo De Sinaloa
7888,7888,523152,Los Originales De San Juan
7899,7899,355169,Pedro Fern√°ndez
7959,7959,453706,Mariachi vargas de tecalitlan
8009,8009,360164,Jos√© Alfredo Jim√©nez
8049,8049,348219,Banda El Recodo
8051,8051,484937,Banda El Recodo de Cruz Liz√°rraga
8129,8129,1660748,Casper & Gigolo y La Exce
8130,8130,1043423,Gigolo & La Exce
8131,8131,656696,Lyanno
8134,8134,653994,YannC El Arm√≥nico
8135,8135,1172511,D-Enyel
8137,8137,634565,Pepe Quintana
8138,8138,208343,Joyce Santana
8189,8189,1228503,Virl√°n Garc√≠a
8269,8269,359205,Nacha Pop
8289,8289,1168575,J.B Priestly
8290,8290,57090,J. B. Priestley
8292,8292,1184443,Big Baby Tape
8298,8298,19664,America
8299,8299,749,The White Stripes
8339,8339,362561,Bunbury
8487,8487,405156,Leslie Grace
8490,8490,1444727,Super Junior
8494,8494,1262977,Luis coronel
8516,8516,214301,NF
8646,8646,1211823,Mau y Ricky
8652,8652,1750204,Leslie Shaw & Mau y Ricky
8766,8766,654932,Lil Pump
8767,8767,1572772,Kanye West & Lil Pump
8775,8775,1349685,Carnage & Lil Pump
8796,8796,1426472,Anthony Gonzalez & Gael Garc√≠a Bernal
8797,8797,1268490,Anthony Gonzalez (Actor)
8798,8798,1426470,Anthony Gonzalez & Antonio Sol
8800,8800,8160,Anonymous
8801,8801,59781,Home Runs of the Day
8803,8803,1087059,Alternatywy
8805,8805,148995,Marco Antonio Sol√≠s
8815,8815,569050,Ang√©lica Vale
8816,8816,83345,Emilio Estefan
8817,8817,1593,Aceyalone
8818,8818,543269,Psihoaktiv trip
8819,8819,397184,T9
8820,8820,328563,Doz9
8821,8821,204691,Jim Valvano
8822,8822,481572,I marcellos ferial
8823,8823,576538,‚ÄãCupcakKe
8824,8824,193380,Power
8825,8825,1251177,Luis Angel G√≥mez Jaramillo
8829,8829,1392761,J Mashel
8830,8830,1099086,Karol Sevilla
8838,8838,1675952,Noche De Paz
8839,8839,1094535,Elenco de Soy Luna
8841,8841,404880,Gael Garc√≠a Bernal
8842,8842,1426477,Gael Garc√≠a Bernal
8847,8847,71175,Devendra Banhart
8848,8848,154085,@cmhenty
8849,8849,360063,Hannah Fury
8860,8860,344580,Bronco
8861,8861,12404,Action Bronson
8862,8862,685,Tyler
8863,8863,22764,Luke Bryan
8864,8864,1237725,Chris Abolade
8865,8865,455,Lil B
8866,8866,998519,DBUK
8869,8869,66715,Sports Genius
8895,8895,446,Miguel
8905,8905,452207,Jorge Blanco
8945,8945,1543249,Drake & Michael Jackson
8946,8946,835,Michael Jackson
9055,9055,16735,The Police
9057,9057,1558,MellowHype
9058,9058,1169,LCD Soundsystem
9059,9059,931,Boosie Badazz
9061,9061,44083,Pink Guy
9063,9063,678090,G Girls
9064,9064,59,2Pac
9075,9075,455477,Wolfine
9078,9078,1178484,Alberto Stylee & Wolfine
9085,9085,361720,Yahir
9092,9092,1589295,Axel Yahir
9155,9155,357853,Paty Cant√∫
9290,9290,1081,Flo Rida
9292,9292,38175,Florida Georgia Line
9296,9296,1000448,Higher Brothers
9321,9321,1326109,J Balvin
9322,9322,183935,Anitta
9323,9323,1294184,Alesso & Anitta
9510,9510,12297,Arctic Monkeys
9690,9690,1205,Mariah Carey
9751,9751,11395,G-Eazy
9754,9754,1491593,G-Eazy & Kehlani
9760,9760,45,Eminem
9860,9860,354244,Jos√© Feliciano
9862,9862,457,Diamond D
9870,9870,15441,Wham!
9872,9872,1487798,Silver (Rock)
9875,9875,554,Tyga
9879,9879,46723,Darryl Dawkins
9920,9920,285859,Bobby Helms
9930,9930,1554721,Celia Cruz y La Sonora Matancera
9931,9931,95025,Celia Cruz
9936,9936,59801,Michael Bubl√©
9971,9971,1453253,Vazquez Sounds
9976,9976,19340,Chuck Berry
9986,9986,1645,Elvis Presley
9991,9991,88,Rick Ross
10006,10006,454995,La rondalla de saltillo
10066,10066,8662,The Jackson 5
10076,10076,16450,John Lennon
10077,10077,276476,Sch
10080,10080,365413,John Lennon & Yoko Ono
10084,10084,12135,Nice Peter
10086,10086,1476,Wax
10087,10087,354072,Rosana
10092,10092,1228561,Rosanah Fienngo
10096,10096,1893,Gwen Stefani
10099,10099,24421,No Doubt
10116,10116,530082,Grupo Infantil Guarderia Pon
10117,10117,621176,Machado de Assis
10118,10118,26011,Ernest Hemingway
10119,10119,71326,Los Chikos del Ma√≠z
10120,10120,11714,Kelly Clarkson
10130,10130,12767,RAF Camora
10160,10160,103765,Burl Ives
10220,10220,402524,Parchis
10230,10230,824,Frank Sinatra
10249,10249,123485,Villancicos de Navidad
10250,10250,452494,Villancicos
10252,10252,532417,Villancicos Navide√±os
10269,10269,290838,Darlene Love
10279,10279,78828,Laura Pausini
10299,10299,26349,Louis Armstrong
10301,10301,350588,Ella Fitzgerald & Louis Armstrong
10309,10309,32563,Brenda Lee
10319,10319,1052,Britney Spears
10359,10359,687008,Keala Settle
10360,10360,1600466,Keala Settle
10361,10361,1426821,Keala Settle & The Greatest Showman Ensamble
10363,10363,54329,Hugh Jackman
10365,10365,1228261,Original Broadway Cast of Waitress
10368,10368,184927,Zac Efron
10371,10371,1050050,Taylor Swift & Zac Efron
10403,10403,1467954,Ziv Zaifman
10425,10425,944,Marvin Gaye
10426,10426,1036167,Marvin Gaye & Tammi Terrell
10435,10435,148541,Elvis Crespo
10454,10454,379666,La Sonora Dinamita
10464,10464,13163,Earth
10474,10474,800,Bee Gees
10484,10484,405504,Cardenales De Nuevo Leon Los
10485,10485,372963,Cardenales De Nuevo Leon
10494,10494,1217303,Raymix
10514,10514,526323,Grupo Ca√±averal De Humberto Pab√≥n
10515,10515,456163,Cumbias viejitas
10519,10519,183638,Salvaje Decibel
10520,10520,364539,Negusa Negast
10523,10523,667887,Coco Jadad
10524,10524,11871,Nach
10545,10545,1277364,Loren Allred
10547,10547,1433863,Hardwell & Kaaze
10549,10549,1509815,Michael Mott
10550,10550,458918,Magnatiz
10551,10551,370868,Sophia Loren
10552,10552,1628123,Shuga & Loren
10553,10553,221669,Odell Shepard
10555,10555,1277357,Ziv Zaifman
10557,10557,133832,Dub Inc
10558,10558,989579,Eigen Makelij
10559,10559,452981,Hidra
10560,10560,58676,Pono
10561,10561,338827,Morbid Angel
10562,10562,553636,Fundacja nr 1
10563,10563,344624,Davide Van De Sfroos
10564,10564,222741,Day Who
10605,10605,35041,Michelle Williams
10615,10615,1308689,Yuawi
10616,10616,453630,Delafe y las flores azules
10617,10617,319200,Natalio Alberto Nisman
10618,10618,327979,Mariano Jos√© de Larra
10619,10619,323908,Francisco Madero
10620,10620,319989,Ej√©rcito Zapatista de Liberaci√≥n Nacional (EZLN)
10623,10623,42348,Hillary Clinton
10624,10624,1034938,Gordo Sarkasmus
10635,10635,1277361,Austyn Johnson
10636,10636,224369,NFL Rosters
10637,10637,228570,New Orleans Saints
10638,10638,64228,Tammy Wynette
10639,10639,356068,Eric Johnson
10640,10640,52703,Performance of the Day
10641,10641,1167,Johnny Cash
10652,10652,364644,Bomba Est√©reo
10663,10663,17853,Rita Ora
10682,10682,1402753,Greeicy
10686,10686,1652866,Mike Bah√≠a & Greeicy
10689,10689,1203137,The Rudeboyz (Producers)
10690,10690,1438753,Aitana & Ana Guerra
10693,10693,638833,Yawil
10694,10694,1663759,BRU$ondabeat
10695,10695,638831,Deuks
10696,10696,1176075,Zouhair Bahaoui
10697,10697,1073333,ElGrandeToto
10699,10699,53820,William Gibson
10700,10700,1375,Mister You
10701,10701,19606,Parliament
10702,10702,1130186,DJ Kass
10709,10709,1311883,TKND
10710,10710,360231,Tali Goya
10822,10822,31849,The Cranberries
10831,10831,40035,AJJ
10842,10842,1113863,HotSpanish
10848,10848,1113864,Hotspanish 
10852,10852,17621,Slim Lean
10854,10854,1194,Soulja Boy Tell 'Em
10856,10856,1269949,‚Äãohtrapstar
10857,10857,65109,Rich the Kid
10858,10858,1054775,Lean Chihiro
10859,10859,667554,Hella Sketchy
10861,10861,641165,Bryuk
11042,11042,1239616,Cornelio Vega & Su Dinast√≠a
11078,11078,1033670,Bazzi
11158,11158,452120,El Bebeto
11387,11387,87946,A Great Big World
11397,11397,201194,Meghan Trainor
11404,11404,1571124,Sigala
11547,11547,1254513,BlocBoy JB
11551,11551,1480576,Fast Food Music
11617,11617,64610,5 Seconds of Summer
11647,11647,381820,El Pelon Del Mikrophone
11648,11648,44209,C-Kan
11649,11649,18222,Eptos Uno
11710,11710,48433,RBD
11712,11712,134675,101Barz
11713,11713,46674,RBDjan
11810,11810,1196714,Khea
11814,11814,1620607,Khea
11815,11815,1660854,Sfera Ebbasta
11820,11820,621216,Rels B
11830,11830,17974,Karpe
11831,11831,344450,Kim Larsen
11832,11832,36209,Deichkind
11833,11833,507600,Um Barril de Rap
11834,11834,311079,H√•kan Hellstr√∂m
11835,11835,20282,Hermann Weiss
11836,11836,53391,Kaper Spez
11837,11837,133596,Kent
11838,11838,40898,Charlie Brown Jr.
11839,11839,224954,M.O.R.
11924,11924,1498971,Rudimental & Major Lazer
11950,11950,344442,David Bisbal
12010,12010,1344744,N√°balez
12012,12012,354378,Mau Mau
12013,12013,1908,Rohff
12016,12016,363556,Thomas Fersen
12018,12018,225413,Roger Whittaker
12019,12019,1108148,NODE
12079,12079,43316,Prince and the Revolution
12081,12081,12908,Diplo
12082,12082,953,Gil Scott-Heron
12084,12084,569723,Tedua
12088,12088,238,Immortal Technique
12229,12229,357275,H√©roes Del Silencio
12259,12259,353513,Duncan Dhu
12269,12269,740,Sean Paul
12359,12359,1118631,Yashua
12364,12364,366218,Matoma
12365,12365,28059,Dillon Francis
12366,12366,1488799,Maahez
12367,12367,993071,Kurt Hugo Schneider
12409,12409,1464085,Edwin Luna Y La Trakalosa De Monterrey
12414,12414,538699,Irving Casanova
12425,12425,621678,Cardi B
12433,12433,1737585,Cardi B & Kehlani
12465,12465,1147558,Paulo Londra
12495,12495,357911,Jaguares
12566,12566,1466087,Nio Garc√≠a
12568,12568,649495,Nio Garc√≠a
12585,12585,532296,Ana Mena
12595,12595,370982,La Uni√∏n
12597,12597,1115564,La Union Secreta
12598,12598,367673,Resistencia Suburbana
12615,12615,1064869,Dennis Lloyd
12944,12944,350763,Diego Boneta
12953,12953,532288,The Rock Of Ages Movie Band
13074,13074,381117,Monsieur Perin√©
13084,13084,1036798,Jon Z
13085,13085,388726,Residente
13088,13088,1442758,Residente & Dillon Francis
13169,13169,665740,Dillon Francis & NGHTMRE
13170,13170,1151401,Dillon Francis & Skrillex
13173,13173,1151403,Dillon Francis & Kygo
13284,13284,1467295,Matt Hunter & Lele Pons
13285,13285,454413,Matt Hunter
13304,13304,1745,Childish Gambino
13784,13784,110,Pharrell Williams
13786,13786,1476819,Pharrell Williams & Camila Cabello
13790,13790,747,N.E.R.D
13838,13838,1635275,Ellie Goulding & Diplo
13841,13841,80,The Diplomats
14014,14014,38586,‚Äãa-ha
14015,14015,158709,Thomas Rhett
14016,14016,349622,Aileen Quinn
14017,14017,181,Bob Dylan
14018,14018,209028,Otsochodzi
14020,14020,204702,Bethel Music
14021,14021,24422,Oxxxymiron
14022,14022,586,The Beatles
14023,14023,25320,Queens of the Stone Age
14024,14024,614962,Kidd Keo
14104,14104,1120857,Lenin Ramirez
14110,14110,19305,Alaclair Ensemble
14111,14111,322612,Sofokles
14112,14112,33559,Homer
14113,14113,29299,PeeRZet
14154,14154,8371,Solange
14155,14155,72,Kanye West
14159,14159,22,The Notorious B.I.G.
14160,14160,1985,Frank Ocean
14162,14162,1102,Skylar Grey
14163,14163,569922,Lil Peep
14184,14184,1316674,El De La Guitarra
14188,14188,482177,Musica cristiana grupo cofrades
14189,14189,1147218,Aguaturbia
14190,14190,36924,Federico Garc√≠a Lorca
14191,14191,361268,La M√°quina De Hacer P√°jaros
14192,14192,99229,Los Prisioneros
14193,14193,344501,Jos√© Jos√©
14204,14204,615550,Billie Eilish
14313,14313,1071702,Joss Favela
14314,14314,425,The Black Eyed Peas
14315,14315,135104,3 Ball MTY
14316,14316,1157986,Cl√≠nica do Rap
14317,14317,15067,MV Bill
14318,14318,459500,Z√© Keti
14319,14319,610715,Favela Mafia
14320,14320,86298,DeXter 8¬∞ Anjo
14321,14321,652122,RBV
14322,14322,452511,Adriel Favela
14441,14441,1237094,Juice WRLD
14448,14448,1657667,‚Äãbenny blanco & Juice WRLD
14449,14449,1606124,Future & Juice WRLD
14481,14481,721,Tinie Tempah
14492,14492,92,Nicki Minaj
14751,14751,484298,Alvaro Soler
14761,14761,699788,Molo
14764,14764,2398,Sefyu
14769,14769,14483,Molotov
15041,15041,1227382,DOB
15042,15042,15369,A$AP Ferg
15043,15043,640,King Los
15045,15045,47129,Skrewtape
15046,15046,217,DJ Quik
15047,15047,52179,URLtv
15048,15048,82074,The FADER
15049,15049,23267,Kerser
15050,15050,49121,Grind Time Now
15081,15081,1396173,Marcos Menchaca
15085,15085,1396464,Cada vez m√°s
15088,15088,1073575,Louvo no Flow
15089,15089,354000,Chrystian & Ralf
15090,15090,301812,United States Court of Appeals
15091,15091,355912,La Mosca Ts√©-Ts√©
15101,15101,1654768,Grupo Arranke
15102,15102,386127,Grupo Pegasso
15103,15103,355936,Grupo Niche
15104,15104,95329,Genius Brasil
15105,15105,353345,Squallor
15106,15106,222392,Lord Bean
15107,15107,334474,Antologia Polskiego Rapu
15109,15109,1361302,Guess SU
15110,15110,467257,Puro L
15111,15111,344597,Pancho Barraza
15131,15131,989559,Loud Luxury
15138,15138,630470,Joji
15139,15139,1740819,DVBBS & blackbear
15151,15151,665697,Janieck
15154,15154,1400212,Lucas & Steve x Janieck
15157,15157,1316352,Deepend & Janieck
15159,15159,248387,Lost Frequencies
15160,15160,240934,Alle Farben
15291,15291,357527,Los Tucanes De Tijuana
15301,15301,1124097,6ix9ine
15411,15411,1560750,Dynoro & Gigi D'Agostino
15412,15412,1445814,Dynoro
15417,15417,541588,DYNOR 75
15418,15418,57323,Herodotus
15419,15419,459274,Nakash Aziz
15420,15420,363304,Soldat Louis
15431,15431,624480,Bryant Myers
15433,15433,1593960,Bryant Myers & Bad Bunny
15441,15441,1409820,Lil'Boula
15442,15442,375598,Fatoumata Diawara
15443,15443,201409,K.O (Mr Cashtime)
15444,15444,331672,Hanf Kung
15445,15445,1553381,Rism
15446,15446,453220,Vacca
15447,15447,68063,Slums Attack
15448,15448,733684,Yalbi
15449,15449,1205769,Don Cavelle
15451,15451,59765,Cartel MC's
15452,15452,660251,Pozo Musikandante
15453,15453,1451309,Nachodowntempo
15454,15454,1226960,Latin Grammys
15455,15455,343823,Binomio De Oro De Am√©rica
15458,15458,634387,Diomedes Chinaski
15459,15459,1163022,FullRap Alicante
15460,15460,225165,Roberto Bola√±o
15496,15496,679586,Young Thug & Travis Scott
15531,15531,23665,Kurt Cobain
15532,15532,37902,Kurt Vile
15533,15533,1412517,Osman Starkov
15534,15534,210737,Kurt Russell
15535,15535,337,T-Pain
15536,15536,803,Kurtis Blow
15540,15540,24794,Kurt Vonnegut
15543,15543,1736433,‚Äåbenny blanco
15544,15544,1742464,‚Äãbenny blanco
15545,15545,7092,3OH!3
15546,15546,1617742,‚Äãbenny blanco & Calvin Harris
15547,15547,28906,‚Äãbenny blanco
15548,15548,1686085,‚Äãbenny blanco
15621,15621,453424,Ximena Sari√±ana
15691,15691,1108,Aretha Franklin
15695,15695,51819,RIN
15820,15820,1469188,Lele Pons
15823,15823,1645756,Aitana & Lele Pons
15824,15824,1740824,Lele Pons & Fuego
15826,15826,16711,Dax
15827,15827,1004877,Lenny Tav√°rez
15909,15909,1142143,Alex Rose
15919,15919,8231,Mark Ronson
15921,15921,1444112,Action Bronson
15925,15925,352261,Mark Ronson & The Business Intl
15928,15928,733585,Mark Ronson
16079,16079,1266228,Pinkfong
16082,16082,1086001,Deep-Laid
16083,16083,1731628,DJ StagBag
16084,16084,25815,The Mountain Goats
16085,16085,174564,A Fine Frenzy
16086,16086,353532,The Music Tapes
16129,16129,7653,LP
16224,16224,1030558,"Pacho ""El Antifeka"""
16264,16264,13663,Jason Mraz
16275,16275,1543829,Silk City
16276,16276,1481552,Silk City
16494,16494,485003,Tlen huicani
16497,16497,1425257,Bright Steam
16498,16498,147032,STUDENT
16499,16499,11771,Mr. J. Medeiros
16500,16500,136463,Mecca Rebell
16501,16501,1529113,Eel People
16502,16502,34286,Tori Amos
16503,16503,655401,AngelMaker
16590,16590,355409,Pablo Montero
16630,16630,41714,MezzoSangue
16631,16631,334256,Extremoduro
16632,16632,1136683,Krawk
16633,16633,674692,FBC
16636,16636,348342,Caos
16637,16637,15198,RZO
16641,16641,1581869,Lil Peep & XXXTENTACION
16645,16645,1015803,Lil Peep & Lil Tracy
16650,16650,376236,Leonel Garc√≠a
16680,16680,396531,Ski Mask the Slump God
16720,16720,1037941,Franco De Vita
16790,16790,1294340,T3R Elemento
16880,16880,358252,Danna Paola
16882,16882,1698714,Danna Paola & HRVY
16960,16960,355330,Super Junior
16965,16965,523950,Super Junior K.R.Y.
16969,16969,389482,Super Junior-D&E
17010,17010,45120,Drake Bell
17160,17160,1521573,Lalo Ebratt
17163,17163,1745258,Lalo Ebratt
17165,17165,1458775,Yera
17166,17166,1107319,Sharlene
17190,17190,373171,Pedro Cap√≥
17229,17229,1189492,Ava Max
17429,17429,1631138,Kenia OS
17430,17430,151511,Firma
17432,17432,58540,O.S.T.R.
17433,17433,1302834,Danny B charles
17434,17434,82197,Keni stress
17435,17435,145489,Fronda
17436,17436,355814,‚Äãhide
17437,17437,58212,Luckatricks
17438,17438,22318,Ajs Nigrutin
17439,17439,20268,AC/DC
17629,17629,1620246,Kenny Man
17632,17632,1058556,Kenny Mann
17636,17636,35857,Montana of 300
17637,17637,54632,Walker Hayes
17738,17738,13,Gucci Mane
17740,17740,1202750,Gucci Mane & Nicki Minaj
17858,17858,405312,Reyli Barba
17998,17998,544795,Alem√°n
18003,18003,578839,Los Alemanes
18007,18007,12076,Farid Bang
18008,18008,1167286,Maikel Delacalle
18188,18188,1662297,Lunay
18189,18189,1440993,Lunay
18193,18193,23108,Manu Chao
18195,18195,405028,R√°faga
18196,18196,343520,La Vida Boh√®me
18197,18197,15808,El Matador
18218,18218,1068969,YUZI üíî
18219,18219,1001131,Yuri Joness
18220,18220,1024738,104
18223,18223,2223,Dosseh
18248,18248,632250,MMZ
18249,18249,13616,Jacquees
18250,18250,227428,Sant
18251,18251,138662,Cocteau Twins
18252,18252,13533,Dope D.O.D.
18253,18253,1086907,Mozee Montana
18254,18254,19233,Eric Bellinger
18256,18256,44031,Fuse
18257,18257,51023,Sagaz
18328,18328,456443,Oscar Athie
18330,18330,2992,O.C.
18331,18331,1562087,Microscope - ŸÖŸäŸÉÿ±Ÿàÿ≥ŸÉŸàÿ®
18332,18332,1836,Louis Logic
18333,18333,36260,Derka
18334,18334,14797,The Palmer Squares
18335,18335,66618,La Liga Santander
18336,18336,226320,Sports Genius Football
18337,18337,27983,Rap Genius
18365,18365,367798,Manuel Mijares
18366,18366,383778,Mijares
18376,18376,230458,La Femme
18383,18383,678077,Trade Wind
18395,18395,343596,Daniela Romo
18455,18455,526003,Andy Williams
18465,18465,343936,Ana Bel√©n
18467,18467,1153253,Bel√©n Aguilera
18469,18469,1637809,Ana Bel√©n & Victor Manuel
18471,18471,1033893,Bearoid
18474,18474,75622,Eluveitie
18475,18475,376703,Chichi Peralta
18485,18485,57114,Arianna Puello
18486,18486,671470,Arianna & Flo Rida
18488,18488,1018618,Arianna Afsar
18489,18489,14240,Megan Amram
18490,18490,348307,Arianna
18495,18495,458379,Los socios del ritmo
18501,18501,267713,ChocQuibTown
18502,18502,1296604,Fixihan
18535,18535,44222,Garibaldi
18538,18538,355451,The Ill-Fitting Garibaldis
18540,18540,356987,Statuto
18541,18541,73070,Roggy Luciano
18543,18543,55590,Ismael Serrano
18595,18595,378559,La Factor√≠a
18605,18605,343525,OV7
18625,18625,453320,Rayito Colombiano
18635,18635,350496,Los Angeles De Charly
18645,18645,1645245,Willie Col√≥n & Rub√©n Blades
18646,18646,73184,Willie Col√≥n
18647,18647,1167225,Willie Col√≥n & H√©ctor Lavoe
18675,18675,375144,Aaron Y Su Grupo Ilusion
18705,18705,359228,Laura Le√≥n
18711,18711,456173,Silverio
18712,18712,352057,Azul Azul
18713,18713,25018,Raymond Carver
18714,18714,23404,Planet VI
18730,18730,1638340,Amenazzy & Noriel
18775,18775,1694307,Gesaffelstein & The Weeknd
18776,18776,1745993,Gesaffelstein & Pharrell Williams
18777,18777,56090,Gesaffelstein
18784,18784,458208,The Hacker
18795,18795,1543334,Ed Maverick
18796,18796,1539741,Ed Maverick (Eddie Saucedo)
18805,18805,50838,Panic! at the Disco
18895,18895,488,John Mayer
18935,18935,656695,Rauw Alejandro
18937,18937,1597065,Los Pr√≥ximos
18942,18942,1678744,Revol & Rauw Alejandro
19015,19015,1307483,Cauty
19019,19019,1569924,Cauty & Lyanno
19205,19205,1645938,Abraham Vazquez
19207,19207,453798,Abraham Velazquez
19213,19213,452640,Perot√° Ching√≥
19214,19214,22129,The Supreme Court of the United States
19325,19325,52290,Aaron Smith
19327,19327,98401,Aaron Smith (Shwayze)
19328,19328,52284,Pew Research Center
19329,19329,53666,Rock Genius
19330,19330,1664,The Temptations
19331,19331,230235,Phaze
19333,19333,349216,Amaseffer
19334,19334,405804,Shane Smith and The Saints
19335,19335,1541604,Guaynaa
19338,19338,55410,√ëejo
19339,19339,1739502,Karly & Yoe
19342,19342,451832,Fennyx Alba
19344,19344,343762,La Pandilla
19395,19395,1693,N.A.S.A.
19396,19396,157150,TropKillaz
19397,19397,1738662,TropKillaz
19398,19398,1470026,TropKillaz & Major Lazer
19402,19402,1095335,Recayd Mob
19403,19403,1700870,Sam Spiegel & TropKillaz
19405,19405,453224,Banda los sebastianes
19448,19448,269600,Darell
19450,19450,1451088,Darell & √ëengo Flow
19452,19452,1440421,Jhay Cortez
19455,19455,57724,Dalex
19475,19475,8436,Jonas Brothers
19522,19522,355834,Dulce Mar√≠a
19575,19575,1549181,Paloma Mami
19581,19581,403901,Maria Dolores Pradera
19583,19583,354463,Umberto Tozzi
19584,19584,343519,Roc√≠o Jurado
19585,19585,356526,Chico Trujillo
19586,19586,13426,Lin-Manuel Miranda
19587,19587,234856,Tempo
19589,19589,11106,Calle 13
19590,19590,354564,S√≠nkope
19591,19591,479206,Omar Ruiz
19592,19592,61374,Junot D√≠az
19594,19594,1442194,Papi Trujillo
