,artist_id,artist_name
0,1405,Shakira
1,622140,CNCO
2,828,Ricky Martin
3,1440188,Cardi B
4,403538,Zion & Lennox
5,344693,Carlos Vives
6,458858,Sebasti√°n Yatra
7,150934,The Chainsmokers
8,1119780,Luis Fonsi & Daddy Yankee
9,2358,The Weeknd
10,41287,DJ Snake
11,1004541,IAmChino
12,500,Bruno Mars
13,13539,Maroon 5
14,1111425,Christian Nodal
15,106693,Clean Bandit
16,405706,Piso 21
17,8362,Enrique Iglesias
18,405415,Maluma
19,640693,Ozuna
20,358160,Chino & Nacho
21,2358,The Weeknd
22,26507,Ariana Grande
23,405415,Maluma
24,2069,Calvin Harris
25,250301,Charlie Puth
26,130,Drake
27,32131,Wisin
28,1296540,Martin Garrix & Dua Lipa
29,665,Major Lazer
30,344914,Alejandro Fern√°ndez
31,23796,‚Äãtwenty one pilots
32,343803,Thal√≠a
33,490779,Banda Sinaloense MS de Sergio Liz√°rraga
34,1296456,Rvssian
35,654,Mike Posner
36,17085,Cartel de Santa
37,70113,BTS
38,339472,ZAYN
39,1440188,Cardi B
40,1467082,Logic & Juanes
41,405252,Ariel Camacho Y Los Plebes Del Rancho
42,177756,Rae Sremmurd
43,490779,Banda Sinaloense MS de Sergio Liz√°rraga
44,490779,Banda Sinaloense MS de Sergio Liz√°rraga
45,365092,Tommy Torres
46,1407355,Nicky Jam & J Balvin
47,406125,Sof√≠a Reyes
48,405415,Maluma
49,130,Drake
50,632979,Jonas Blue
51,41287,DJ Snake
52,367239,Los √Ångeles Azules
53,334,Justin Timberlake
54,23796,‚Äãtwenty one pilots
55,2069,Calvin Harris
56,354376,Luis Miguel
57,405415,Maluma
58,23796,‚Äãtwenty one pilots
59,367239,Los √Ångeles Azules
60,346373,Reik
61,16775,Sia
62,34107,James Arthur
63,403538,Zion & Lennox
64,150394,Gente De Zona
65,150934,The Chainsmokers
66,459343,Charly Black
67,349674,Julion Alvarez Y Su Norteno Banda
68,374824,Joey Montana
69,615500,Los Plebes del Rancho de Ariel Camacho
70,195029,Shawn Mendes
71,346373,Reik
72,367239,Los √Ångeles Azules
73,490779,Banda Sinaloense MS de Sergio Liz√°rraga
74,367239,Los √Ångeles Azules
75,347385,Calibre 50
76,68582,Le√≥n Larregui
77,357,Justin Bieber
78,1407355,Nicky Jam & J Balvin
79,367239,Los √Ångeles Azules
80,16775,Sia
81,565381,DNCE
82,624481,Anuel AA
83,195029,Shawn Mendes
84,490779,Banda Sinaloense MS de Sergio Liz√°rraga
85,999629,Kungs & Cookin' On 3 Burners
86,482494,La adictiva banda san jos√© de mesillas
87,270518,Paulina Rubio
88,491975,Morat
89,1064468,Ulices Chaidez Y Sus Plebes
90,456537,Alan Walker
91,68582,Le√≥n Larregui
92,161157,Gerardo Ortiz
93,367203,Bacilos
94,1440188,Cardi B
95,1151884,Alta Consigna
96,352807,Banda Los Recoditos
97,632979,Jonas Blue
98,388604,Juan Mag√°n
99,347385,Calibre 50
100,1589111,Marc Anthony
101,665,Major Lazer
102,357,Justin Bieber
103,991355,Nevada
104,458858,Sebasti√°n Yatra
105,60437,Fifth Harmony
106,118792,Alejandro Sanz
107,1065439,Crecer Germ√°n
108,150934,The Chainsmokers
109,346373,Reik
110,402322,La Arrolladora Banda El Lim√≥n De Ren√© Camacho
111,1496274,Alok & Bruno Martini
112,355570,Joan Sebastian
113,8362,Enrique Iglesias
114,357,Justin Bieber
115,1296456,Rvssian
116,615500,Los Plebes del Rancho de Ariel Camacho
117,349674,Julion Alvarez Y Su Norteno Banda
118,8362,Enrique Iglesias
119,89,Rihanna
120,665,Major Lazer
121,32132,Yandel
122,1151884,Alta Consigna
123,111722,Milky Chance
124,62408,Raphael de la Ghetto
125,270484,Tatiana Manaois
126,490779,Banda Sinaloense MS de Sergio Liz√°rraga
127,344364,Cristian Castro
128,405415,Maluma
129,991853,Sak Noel & Salvi
130,349674,Julion Alvarez Y Su Norteno Banda
131,405252,Ariel Camacho Y Los Plebes Del Rancho
132,150934,The Chainsmokers
133,484307,Mon Laferte
134,175579,Robin Schulz
135,651111,Niall Horan
136,348226,Luis Enrique
137,60768,Lukas Graham
138,343628,Timbiriche
139,12418,Ed Sheeran
140,338486,Cali Y El Dandee
141,828,Ricky Martin
142,1091336,The Chainsmokers & Coldplay
143,5510,Don Omar
144,17085,Cartel de Santa
145,402322,La Arrolladora Banda El Lim√≥n De Ren√© Camacho
146,355570,Joan Sebastian
147,388604,Juan Mag√°n
148,127642,Tove Lo
149,459343,Charly Black
150,32132,Yandel
151,377002,Cheat Codes
152,278311,Kygo
153,99894,El Komander
154,624481,Anuel AA
155,544871,R. City
156,703,Foster The People
157,336020,Natalia Lafourcade
158,656936,Jacob Forever
159,12418,Ed Sheeran
160,632979,Jonas Blue
161,354184,Kabah
162,45349,Charli XCX
163,367239,Los √Ångeles Azules
164,281669,Kevin Rold√°n
165,130,Drake
166,402461,La Quinta Estaci√≥n
167,150934,The Chainsmokers
168,367239,Los √Ångeles Azules
169,597515,Ypo
170,626678,Desiigner
171,354376,Luis Miguel
172,1589111,Marc Anthony
173,359349,Fidel Rueda
174,453636,Alfredo Olivas
175,406029,Reykon
176,615500,Los Plebes del Rancho de Ariel Camacho
177,490779,Banda Sinaloense MS de Sergio Liz√°rraga
178,159154,Galantis
179,452424,R√≠o Roma
180,385126,Tony Camargo
181,490779,Banda Sinaloense MS de Sergio Liz√°rraga
182,352807,Banda Los Recoditos
183,139656,Cosculluela
184,490779,Banda Sinaloense MS de Sergio Liz√°rraga
185,2358,The Weeknd
186,498,Beyonc√©
187,13539,Maroon 5
188,482494,La adictiva banda san jos√© de mesillas
189,344914,Alejandro Fern√°ndez
190,17085,Cartel de Santa
191,16775,Sia
192,482494,La adictiva banda san jos√© de mesillas
193,354949,Juan Gabriel
194,2300,Adele
195,1091336,The Chainsmokers & Coldplay
196,155057,Deorro
197,346345,Pepe Aguilar
198,26507,Ariana Grande
199,354949,Juan Gabriel
200,371779,Carlos Rivera
201,175579,Robin Schulz
202,654589,Terror Jr
203,182312,Zoey Dollaz
204,456537,Alan Walker
205,1052299,Hailee Steinfeld & Grey
206,352970,Ha-Ash
207,1091336,The Chainsmokers & Coldplay
208,67223,Yuridia
209,182312,Zoey Dollaz
210,17085,Cartel de Santa
211,640693,Ozuna
212,17085,Cartel de Santa
213,357,Justin Bieber
214,182312,Zoey Dollaz
215,1031581,Cheat Codes & Dante Klein
216,369334,Sin Bandera
217,17085,Cartel de Santa
218,1091336,The Chainsmokers & Coldplay
219,1515613,MYA
220,640693,Ozuna
221,2300,Adele
222,343645,Pante√≥n Rococ√≥
223,984358,Starley
224,130,Drake
225,640693,Ozuna
226,4,Lil Wayne
227,339472,ZAYN
228,2578,David Guetta
229,13763,Christina Perri
230,876839,Mike Perry
231,360787,Carlos Baute
232,365,John Legend
233,218766,Xantos
234,278311,Kygo
235,17085,Cartel de Santa
236,2069,Calvin Harris
237,1494027,Lady Gaga & Bradley Cooper
238,1665,Machine Gun Kelly
239,365092,Tommy Torres
240,353717,Ricardo Montaner
241,2578,David Guetta
242,43383,Sam Smith
243,195029,Shawn Mendes
244,2578,David Guetta
245,2358,The Weeknd
246,17085,Cartel de Santa
247,16775,Sia
248,1015048,Zay Hilfigerrr
249,500,Bruno Mars
250,17085,Cartel de Santa
251,13539,Maroon 5
252,483838,Manuel Medrano
253,365909,Beatriz Luengo
254,361468,Caf√© Tacvba
255,270518,Paulina Rubio
256,632979,Jonas Blue
257,15695,Martin Solveig
258,72916,The Vamps
259,1174,Kings of Leon
260,539524,Matisse & Sadko
261,21100,Oasis
262,55903,Zara Larsson
263,118792,Alejandro Sanz
264,12418,Ed Sheeran
265,12418,Ed Sheeran
266,16775,Sia
267,253284,Enjambre
268,361468,Caf√© Tacvba
269,624481,Anuel AA
270,139656,Cosculluela
271,492,Big Sean
272,1064468,Ulices Chaidez Y Sus Plebes
273,241761,DRAM
274,182312,Zoey Dollaz
275,484307,Mon Laferte
276,352970,Ha-Ash
277,1084521,Zedd & Alessia Cara
278,346373,Reik
279,150934,The Chainsmokers
280,1119780,Luis Fonsi & Daddy Yankee
281,14181,The xx
282,14181,The xx
283,369334,Sin Bandera
284,346373,Reik
285,1232654,Ti√´sto & Dzeko
286,14181,The xx
287,1122649,The Vamps & Martin Jensen
288,25939,Sage The Gemini
289,1084521,Zedd & Alessia Cara
290,1407355,Nicky Jam & J Balvin
291,356386,Jarabe De Palo
292,365,John Legend
293,405415,Maluma
294,1119780,Luis Fonsi & Daddy Yankee
295,525432,Justin Quiles
296,1440188,Cardi B
297,365092,Tommy Torres
298,247886,LANY
299,357907,Los Enanitos Verdes
300,336020,Natalia Lafourcade
301,1296540,Martin Garrix & Dua Lipa
302,665,Major Lazer
303,315233,Joaqu√≠n Sabina
304,1467082,Logic & Juanes
305,6234,Jamiroquai
306,344693,Carlos Vives
307,55903,Zara Larsson
308,49549,Danny Ocean
309,44080,Migos
310,828,Ricky Martin
311,1440188,Cardi B
312,220055,Ryan Gosling
313,62408,Raphael de la Ghetto
314,220055,Ryan Gosling
315,336020,Natalia Lafourcade
316,1043521,La La Land Cast
317,409643,Julia Michaels
318,978048,Stanaj
319,1108247,Lucah
320,358670,Ricardo Arjona
321,490779,Banda Sinaloense MS de Sergio Liz√°rraga
322,344364,Cristian Castro
323,344914,Alejandro Fern√°ndez
324,29472,Imagine Dragons
325,26507,Ariana Grande
326,943,Depeche Mode
327,406125,Sof√≠a Reyes
328,360787,Carlos Baute
329,1494027,Lady Gaga & Bradley Cooper
330,1494027,Lady Gaga & Bradley Cooper
331,564416,A R I Z O N A
332,1091336,The Chainsmokers & Coldplay
333,1195,Katy Perry
334,484307,Mon Laferte
335,344914,Alejandro Fern√°ndez
336,458858,Sebasti√°n Yatra
337,278419,Soda Stereo
338,1087762,Costera
339,1195,Katy Perry
340,338486,Cali Y El Dandee
341,187277,Bag Raiders
342,2487,Jennifer Lopez
343,2300,Adele
344,363417,Carla Morrison
345,500,Bruno Mars
346,2300,Adele
347,23895,U2
348,89,Rihanna
349,447,Lady Gaga
350,533,Aerosmith
351,17657,Yeah Yeah Yeahs
352,365092,Tommy Torres
353,16775,Sia
354,18512,Florence + The Machine
355,43383,Sam Smith
356,371779,Carlos Rivera
357,278311,Kygo
358,13539,Maroon 5
359,12418,Ed Sheeran
360,14717,Romeo Santos
361,1581,Linkin Park
362,158,DJ Khaled
363,49698,Cashmere Cat
364,1695396,Jack √ú & Justin Bieber
365,15740,Lana Del Rey
366,357,Justin Bieber
367,26593,Jon Bellion
368,49549,Danny Ocean
369,150934,The Chainsmokers
370,29472,Imagine Dragons
371,161157,Gerardo Ortiz
372,365,John Legend
373,8362,Enrique Iglesias
374,1576647,Bad Bunny
375,2069,Calvin Harris
376,1084521,Zedd & Alessia Cara
377,480487,Mario Bautista
378,491975,Morat
379,1249778,David Guetta & Afrojack
380,281669,Kevin Rold√°n
381,335149,Regulo Caro
382,484307,Mon Laferte
383,352970,Ha-Ash
384,36944,Lorde
385,12418,Ed Sheeran
386,12418,Ed Sheeran
387,12418,Ed Sheeran
388,12418,Ed Sheeran
389,1091336,The Chainsmokers & Coldplay
390,12418,Ed Sheeran
391,12418,Ed Sheeran
392,12418,Ed Sheeran
393,12418,Ed Sheeran
394,12418,Ed Sheeran
395,1119780,Luis Fonsi & Daddy Yankee
396,12418,Ed Sheeran
397,1440188,Cardi B
398,12418,Ed Sheeran
399,12418,Ed Sheeran
400,12418,Ed Sheeran
401,158,DJ Khaled
402,358670,Ricardo Arjona
403,27578,StarGate
404,25889,Little Mix
405,278419,Soda Stereo
406,359499,Caifanes
407,36944,Lorde
408,359499,Caifanes
409,406029,Reykon
410,1515154,Arc√°ngel & Bad Bunny
411,26507,Ariana Grande
412,1037688,Burak Yeter
413,452424,R√≠o Roma
414,12418,Ed Sheeran
415,106693,Clean Bandit
416,1407355,Nicky Jam & J Balvin
417,130,Drake
418,130,Drake
419,405252,Ariel Camacho Y Los Plebes Del Rancho
420,344604,Hombres G
421,130,Drake
422,130,Drake
423,168236,Jax Jones
424,860,Gorillaz
425,860,Gorillaz
426,860,Gorillaz
427,339472,ZAYN
428,860,Gorillaz
429,2578,David Guetta
430,1587228,Chris Jeday
431,32131,Wisin
432,640693,Ozuna
433,17764,Jason Derulo
434,150934,The Chainsmokers
435,2069,Calvin Harris
436,5510,Don Omar
437,622140,CNCO
438,1421,Kendrick Lamar
439,278419,Soda Stereo
440,161157,Gerardo Ortiz
441,22457,Harry Styles
442,1405,Shakira
443,150934,The Chainsmokers
444,622140,CNCO
445,860,Gorillaz
446,336020,Natalia Lafourcade
447,615500,Los Plebes del Rancho de Ariel Camacho
448,1296540,Martin Garrix & Dua Lipa
449,150394,Gente De Zona
450,150934,The Chainsmokers
451,1576647,Bad Bunny
452,484852,Millonario & w. corona
453,2197,Future
454,118595,Lord Huron
455,1203660,Ofenbach & Nick Waterhouse
456,72961,Los Fabulosos Cadillacs
457,1494027,Lady Gaga & Bradley Cooper
458,1421,Kendrick Lamar
459,1119780,Luis Fonsi & Daddy Yankee
460,377002,Cheat Codes
461,1421,Kendrick Lamar
462,50963,Nacho
463,452524,Dvicio
464,15740,Lana Del Rey
465,195029,Shawn Mendes
466,405415,Maluma
467,405706,Piso 21
468,22531,Paramore
469,250301,Charlie Puth
470,353538,Chayanne
471,358670,Ricardo Arjona
472,640693,Ozuna
473,1195,Katy Perry
474,278311,Kygo
475,158,DJ Khaled
476,484307,Mon Laferte
477,484307,Mon Laferte
478,860,Gorillaz
479,860,Gorillaz
480,29472,Imagine Dragons
481,860,Gorillaz
482,860,Gorillaz
483,860,Gorillaz
484,484307,Mon Laferte
485,406029,Reykon
486,1440188,Cardi B
487,1405,Shakira
488,1037688,Burak Yeter
489,1405,Shakira
490,484307,Mon Laferte
491,1296540,Martin Garrix & Dua Lipa
492,22457,Harry Styles
493,336020,Natalia Lafourcade
494,2069,Calvin Harris
495,1195,Katy Perry
496,344693,Carlos Vives
497,158,DJ Khaled
498,349674,Julion Alvarez Y Su Norteno Banda
499,161157,Gerardo Ortiz
500,490779,Banda Sinaloense MS de Sergio Liz√°rraga
501,1467082,Logic & Juanes
502,2579,Fleetwood Mac
503,29232,Electric Light Orchestra
504,1195,Katy Perry
505,150855,Jory Boy
506,2358,The Weeknd
507,29472,Imagine Dragons
508,22457,Harry Styles
509,984358,Starley
510,1515154,Arc√°ngel & Bad Bunny
511,651111,Niall Horan
512,1440188,Cardi B
513,458858,Sebasti√°n Yatra
514,1440188,Cardi B
515,185672,MC Davo
516,336020,Natalia Lafourcade
517,32132,Yandel
518,361468,Caf√© Tacvba
519,1440188,Cardi B
520,344714,Gloria Trevi
521,159154,Galantis
522,326362,Post Malone
523,453399,Moenia
524,130,Drake
525,1195,Katy Perry
526,491975,Morat
527,368121,Denise de Kalafe
528,17237,Foo Fighters
529,805,Miley Cyrus
530,12417,A$AP Rocky
531,22457,Harry Styles
532,22457,Harry Styles
533,2069,Calvin Harris
534,22457,Harry Styles
535,22457,Harry Styles
536,371779,Carlos Rivera
537,22457,Harry Styles
538,22457,Harry Styles
539,29472,Imagine Dragons
540,22457,Harry Styles
541,22457,Harry Styles
542,350758,Axwell
543,284075,Maite Perroni
544,22457,Harry Styles
545,1467082,Logic & Juanes
546,1280104,G-Eazy & Halsey
547,45372,Selena Gomez
548,39547,Audioslave
549,19976,Soundgarden
550,39547,Audioslave
551,39547,Audioslave
552,349674,Julion Alvarez Y Su Norteno Banda
553,609667,Camila Cabello
554,581698,Liam Payne
555,1195,Katy Perry
556,934,OneRepublic
557,47131,PARTYNEXTDOOR
558,456537,Alan Walker
559,175579,Robin Schulz
560,1132272,Manuel Turizo
561,14598,Iggy Azalea
562,1528553,Brytiago & Darell
563,615500,Los Plebes del Rancho de Ariel Camacho
564,347385,Calibre 50
565,581698,Liam Payne
566,609667,Camila Cabello
567,1296540,Martin Garrix & Dua Lipa
568,349674,Julion Alvarez Y Su Norteno Banda
569,349674,Julion Alvarez Y Su Norteno Banda
570,1405,Shakira
571,1280104,G-Eazy & Halsey
572,344693,Carlos Vives
573,1405,Shakira
574,1405,Shakira
575,934,OneRepublic
576,349674,Julion Alvarez Y Su Norteno Banda
577,1405,Shakira
578,1405,Shakira
579,1583,French Montana
580,1440188,Cardi B
581,665,Major Lazer
582,60437,Fifth Harmony
583,1440188,Cardi B
584,1195,Katy Perry
585,409643,Julia Michaels
586,1280104,G-Eazy & Halsey
587,26507,Ariana Grande
588,15740,Lana Del Rey
589,1583,French Montana
590,665,Major Lazer
591,2578,David Guetta
592,1195,Katy Perry
593,1111425,Christian Nodal
594,363417,Carla Morrison
595,1177,Taylor Swift
596,1195,Katy Perry
597,56991,C. Tangana
598,217208,Lil Uzi Vert
599,632979,Jonas Blue
600,371779,Carlos Rivera
601,637,Guns N‚Äô Roses
602,2069,Calvin Harris
603,1091336,The Chainsmokers & Coldplay
604,599,The Killers
605,402322,La Arrolladora Banda El Lim√≥n De Ren√© Camacho
606,161157,Gerardo Ortiz
607,158,DJ Khaled
608,350758,Axwell
609,29472,Imagine Dragons
610,29472,Imagine Dragons
611,14717,Romeo Santos
612,29472,Imagine Dragons
613,281669,Kevin Rold√°n
614,347690,Abraham Mateo
615,1440188,Cardi B
616,1560123,Karol G & Anuel AA
617,130,Drake
618,409643,Julia Michaels
619,1440188,Cardi B
620,350758,Axwell
621,632979,Jonas Blue
622,2069,Calvin Harris
623,1407355,Nicky Jam & J Balvin
624,130,Drake
625,2069,Calvin Harris
626,405344,Caloncho
627,500,Bruno Mars
628,1018114,J Alvarez
629,14717,Romeo Santos
630,356622,Melendi
631,409643,Julia Michaels
632,2487,Jennifer Lopez
633,1443544,JD Pantoja
634,1084521,Zedd & Alessia Cara
635,1519,Kesha
636,640693,Ozuna
637,1091336,The Chainsmokers & Coldplay
638,1161865,Chyno Miranda
639,405415,Maluma
640,13531,Demi Lovato
641,45372,Selena Gomez
642,30426,Becky G
643,1091336,The Chainsmokers & Coldplay
644,32131,Wisin
645,1440188,Cardi B
646,338777,Lauv
647,632979,Jonas Blue
648,498,Beyonc√©
649,1528553,Brytiago & Darell
650,402425,Felipe Pel√°ez
651,555561,Dua Lipa
652,338486,Cali Y El Dandee
653,453636,Alfredo Olivas
654,12418,Ed Sheeran
655,12418,Ed Sheeran
656,12418,Ed Sheeran
657,1581,Linkin Park
658,12418,Ed Sheeran
659,1581,Linkin Park
660,1581,Linkin Park
661,14717,Romeo Santos
662,576610,Louis Tomlinson
663,14717,Romeo Santos
664,1581,Linkin Park
665,1581,Linkin Park
666,1581,Linkin Park
667,1581,Linkin Park
668,15740,Lana Del Rey
669,2,JAY-Z
670,1581,Linkin Park
671,1581,Linkin Park
672,1581,Linkin Park
673,15740,Lana Del Rey
674,1581,Linkin Park
675,15740,Lana Del Rey
676,1581,Linkin Park
677,12418,Ed Sheeran
678,615500,Los Plebes del Rancho de Ariel Camacho
679,453981,CD9
680,640693,Ozuna
681,1444108,Skrillex & Rick Ross
682,344693,Carlos Vives
683,270709,DaSoul
684,1496274,Alok & Bruno Martini
685,665,Major Lazer
686,14717,Romeo Santos
687,1132272,Manuel Turizo
688,609667,Camila Cabello
689,50963,Nacho
690,1296456,Rvssian
691,1019877,Alex Sensation
692,1019877,Alex Sensation
693,349674,Julion Alvarez Y Su Norteno Banda
694,2525,Macklemore & Ryan Lewis
695,352807,Banda Los Recoditos
696,53932,DJ Arafat
697,17491,Avicii
698,32132,Yandel
699,405344,Caloncho
700,60437,Fifth Harmony
701,185672,MC Davo
702,405344,Caloncho
703,640693,Ozuna
704,1507735,Genius Romanizations
705,609667,Camila Cabello
706,453981,CD9
707,357,Justin Bieber
708,357,Justin Bieber
709,365092,Tommy Torres
710,453636,Alfredo Olivas
711,622140,CNCO
712,32132,Yandel
713,665,Major Lazer
714,453636,Alfredo Olivas
715,438,Chris Brown
716,665,Major Lazer
717,352807,Banda Los Recoditos
718,694,Pink Floyd
719,694,Pink Floyd
720,1402544,Marshmello & Anne-Marie
721,640693,Ozuna
722,1177,Taylor Swift
723,1111425,Christian Nodal
724,1111425,Christian Nodal
725,640693,Ozuna
726,640693,Ozuna
727,640693,Ozuna
728,640693,Ozuna
729,60437,Fifth Harmony
730,665,Major Lazer
731,217208,Lil Uzi Vert
732,60437,Fifth Harmony
733,1111425,Christian Nodal
734,1111425,Christian Nodal
735,665,Major Lazer
736,1452123,Becky G & Natti Natasha
737,1111425,Christian Nodal
738,1162774,El Ezequiel
739,354949,Juan Gabriel
740,354949,Juan Gabriel
741,354949,Juan Gabriel
742,354949,Juan Gabriel
743,354949,Juan Gabriel
744,354949,Juan Gabriel
745,1444143,Billie Eilish & Khalid
746,354949,Juan Gabriel
747,1177,Taylor Swift
748,345,P!nk
749,13539,Maroon 5
750,13539,Maroon 5
751,374824,Joey Montana
752,1177,Taylor Swift
753,396565,XXXTENTACION
754,7922,Logic
755,1177,Taylor Swift
756,26369,Tame Impala
757,1452123,Becky G & Natti Natasha
758,43383,Sam Smith
759,32132,Yandel
760,339472,ZAYN
761,277076,Pablo Albor√°n
762,32132,Yandel
763,32132,Yandel
764,32132,Yandel
765,32132,Yandel
766,23895,U2
767,343628,Timbiriche
768,43383,Sam Smith
769,127606,Luciano
770,1296456,Rvssian
771,388552,Remmy Valenzuela
772,1296456,Rvssian
773,346345,Pepe Aguilar
774,354376,Luis Miguel
775,344914,Alejandro Fern√°ndez
776,344914,Alejandro Fern√°ndez
777,354376,Luis Miguel
778,359607,Vicente Fern√°ndez
779,354376,Luis Miguel
780,359607,Vicente Fern√°ndez
781,91228,Valentin Elizalde
782,11650,Lacrim
783,651111,Niall Horan
784,354376,Luis Miguel
785,405375,Banda Tierra Sagrada
786,344454,Roc√≠o D√∫rcal
787,346345,Pepe Aguilar
788,344914,Alejandro Fern√°ndez
789,364946,El Chapo De Sinaloa
790,354376,Luis Miguel
791,355169,Pedro Fern√°ndez
792,346345,Pepe Aguilar
793,336020,Natalia Lafourcade
794,359607,Vicente Fern√°ndez
795,355570,Joan Sebastian
796,359607,Vicente Fern√°ndez
797,453706,Mariachi vargas de tecalitlan
798,402322,La Arrolladora Banda El Lim√≥n De Ren√© Camacho
799,453706,Mariachi vargas de tecalitlan
800,359607,Vicente Fern√°ndez
801,651111,Niall Horan
802,360164,Jos√© Alfredo Jim√©nez
803,360164,Jos√© Alfredo Jim√©nez
804,355169,Pedro Fern√°ndez
805,359607,Vicente Fern√°ndez
806,348219,Banda El Recodo
807,354949,Juan Gabriel
808,344914,Alejandro Fern√°ndez
809,62408,Raphael de la Ghetto
810,354376,Luis Miguel
811,326362,Post Malone
812,70113,BTS
813,70113,BTS
814,1660748,Casper & Gigolo y La Exce
815,934,OneRepublic
816,2525,Macklemore & Ryan Lewis
817,278311,Kygo
818,277076,Pablo Albor√°n
819,17491,Avicii
820,1228503,Virl√°n Garc√≠a
821,1440188,Cardi B
822,13531,Demi Lovato
823,1119780,Luis Fonsi & Daddy Yankee
824,539524,Matisse & Sadko
825,805,Miley Cyrus
826,357907,Los Enanitos Verdes
827,13531,Demi Lovato
828,359205,Nacha Pop
829,270484,Tatiana Manaois
830,1168575,J.B Priestly
831,749,The White Stripes
832,357907,Los Enanitos Verdes
833,43383,Sam Smith
834,490779,Banda Sinaloense MS de Sergio Liz√°rraga
835,362561,Bunbury
836,52078,Portugal. The Man
837,250301,Charlie Puth
838,326362,Post Malone
839,459343,Charly Black
840,1560123,Karol G & Anuel AA
841,458858,Sebasti√°n Yatra
842,338486,Cali Y El Dandee
843,13531,Demi Lovato
844,480487,Mario Bautista
845,352970,Ha-Ash
846,458858,Sebasti√°n Yatra
847,345,P!nk
848,640693,Ozuna
849,347385,Calibre 50
850,405156,Leslie Grace
851,45372,Selena Gomez
852,1560123,Karol G & Anuel AA
853,214301,NF
854,45372,Selena Gomez
855,45372,Selena Gomez
856,45372,Selena Gomez
857,7922,Logic
858,1467082,Logic & Juanes
859,1177,Taylor Swift
860,622140,CNCO
861,651111,Niall Horan
862,405706,Piso 21
863,651111,Niall Horan
864,278311,Kygo
865,67223,Yuridia
866,1211823,Mau y Ricky
867,483838,Manuel Medrano
868,1177,Taylor Swift
869,45372,Selena Gomez
870,45372,Selena Gomez
871,1052299,Hailee Steinfeld & Grey
872,1560123,Karol G & Anuel AA
873,354376,Luis Miguel
874,1560123,Karol G & Anuel AA
875,624481,Anuel AA
876,139656,Cosculluela
877,158,DJ Khaled
878,654932,Lil Pump
879,490779,Banda Sinaloense MS de Sergio Liz√°rraga
880,371779,Carlos Rivera
881,1426472,Anthony Gonzalez & Gael Garc√≠a Bernal
882,148995,Marco Antonio Sol√≠s
883,569050,Ang√©lica Vale
884,1251177,Luis Angel G√≥mez Jaramillo
885,1099086,Karol Sevilla
886,1426472,Anthony Gonzalez & Gael Garc√≠a Bernal
887,1426472,Anthony Gonzalez & Gael Garc√≠a Bernal
888,344580,Bronco
889,1251177,Luis Angel G√≥mez Jaramillo
890,148995,Marco Antonio Sol√≠s
891,148995,Marco Antonio Sol√≠s
892,446,Miguel
893,452207,Jorge Blanco
894,371779,Carlos Rivera
895,1099086,Karol Sevilla
896,344580,Bronco
897,1543249,Drake & Michael Jackson
898,13539,Maroon 5
899,13539,Maroon 5
900,405415,Maluma
901,43383,Sam Smith
902,491975,Morat
903,1440188,Cardi B
904,13539,Maroon 5
905,1151884,Alta Consigna
906,491975,Morat
907,13539,Maroon 5
908,16735,The Police
909,43383,Sam Smith
910,455477,Wolfine
911,361720,Yahir
912,624481,Anuel AA
913,860,Gorillaz
914,12418,Ed Sheeran
915,60437,Fifth Harmony
916,1452123,Becky G & Natti Natasha
917,344693,Carlos Vives
918,357853,Paty Cant√∫
919,344693,Carlos Vives
920,2487,Jennifer Lopez
921,402322,La Arrolladora Banda El Lim√≥n De Ren√© Camacho
922,357853,Paty Cant√∫
923,640693,Ozuna
924,555561,Dua Lipa
925,1251177,Luis Angel G√≥mez Jaramillo
926,1119780,Luis Fonsi & Daddy Yankee
927,277076,Pablo Albor√°n
928,609667,Camila Cabello
929,277076,Pablo Albor√°n
930,354376,Luis Miguel
931,539524,Matisse & Sadko
932,1081,Flo Rida
933,352970,Ha-Ash
934,1111425,Christian Nodal
935,1724859,Anitta & J Balvin
936,555561,Dua Lipa
937,453981,CD9
938,405415,Maluma
939,67223,Yuridia
940,354376,Luis Miguel
941,354376,Luis Miguel
942,1296456,Rvssian
943,354376,Luis Miguel
944,354376,Luis Miguel
945,70113,BTS
946,405415,Maluma
947,405415,Maluma
948,354376,Luis Miguel
949,354376,Luis Miguel
950,354376,Luis Miguel
951,354376,Luis Miguel
952,354376,Luis Miguel
953,354376,Luis Miguel
954,12297,Arctic Monkeys
955,41287,DJ Snake
956,106693,Clean Bandit
957,388604,Juan Mag√°n
958,1296302,Martin Garrix & Bebe Rexha
959,32131,Wisin
960,352970,Ha-Ash
961,12418,Ed Sheeran
962,1177,Taylor Swift
963,352970,Ha-Ash
964,32131,Wisin
965,32131,Wisin
966,576610,Louis Tomlinson
967,326362,Post Malone
968,1440188,Cardi B
969,1177,Taylor Swift
970,1151884,Alta Consigna
971,161157,Gerardo Ortiz
972,1205,Mariah Carey
973,1132272,Manuel Turizo
974,609667,Camila Cabello
975,49549,Danny Ocean
976,609667,Camila Cabello
977,250301,Charlie Puth
978,1280104,G-Eazy & Halsey
979,45,Eminem
980,326362,Post Malone
981,45,Eminem
982,1125739,MC Fioti
983,347690,Abraham Mateo
984,1280104,G-Eazy & Halsey
985,1440188,Cardi B
986,1724859,Anitta & J Balvin
987,640693,Ozuna
988,354376,Luis Miguel
989,354244,Jos√© Feliciano
990,15441,Wham!
991,26507,Ariana Grande
992,357,Justin Bieber
993,354376,Luis Miguel
994,16775,Sia
995,285859,Bobby Helms
996,1554721,Celia Cruz y La Sonora Matancera
997,59801,Michael Bubl√©
998,805,Miley Cyrus
999,1467082,Logic & Juanes
1000,377405,Vazquez Sounds
1001,19340,Chuck Berry
1002,1645,Elvis Presley
1003,354376,Luis Miguel
1004,454995,La rondalla de saltillo
1005,1091336,The Chainsmokers & Coldplay
1006,1205,Mariah Carey
1007,354376,Luis Miguel
1008,26507,Ariana Grande
1009,59801,Michael Bubl√©
1010,8662,The Jackson 5
1011,16450,John Lennon
1012,1476,Wax
1013,1893,Gwen Stefani
1014,354376,Luis Miguel
1015,530082,Grupo Infantil Guarderia Pon
1016,11714,Kelly Clarkson
1017,12767,RAF Camora
1018,0,
1019,354376,Luis Miguel
1020,0,
1021,59801,Michael Bubl√©
1022,103765,Burl Ives
1023,59801,Michael Bubl√©
1024,59801,Michael Bubl√©
1025,13531,Demi Lovato
1026,43383,Sam Smith
1027,59801,Michael Bubl√©
1028,402524,Parchis
1029,824,Frank Sinatra
1030,59801,Michael Bubl√©
1031,123485,Villancicos de Navidad
1032,354376,Luis Miguel
1033,290838,Darlene Love
1034,78828,Laura Pausini
1035,43383,Sam Smith
1036,26349,Louis Armstrong
1037,32563,Brenda Lee
1038,1052,Britney Spears
1039,354376,Luis Miguel
1040,1205,Mariah Carey
1041,455477,Wolfine
1042,687008,Keala Settle
1043,184927,Zac Efron
1044,1543249,Drake & Michael Jackson
1045,498,Beyonc√©
1046,54329,Hugh Jackman
1047,5510,Don Omar
1048,2525,Macklemore & Ryan Lewis
1049,250301,Charlie Puth
1050,1617257,Steve Aoki
1051,8662,The Jackson 5
1052,379666,La Sonora Dinamita
1053,13163,Earth
1054,800,Bee Gees
1055,405504,Cardenales De Nuevo Leon Los
1056,1217303,Raymix
1057,359607,Vicente Fern√°ndez
1058,526323,Grupo Ca√±averal De Humberto Pab√≥n
1059,456163,Cumbias viejitas
1060,490779,Banda Sinaloense MS de Sergio Liz√°rraga
1061,622140,CNCO
1062,1277364,Loren Allred
1063,1277357,Ziv Zaifman
1064,54329,Hugh Jackman
1065,54329,Hugh Jackman
1066,54329,Hugh Jackman
1067,334,Justin Timberlake
1068,35041,Michelle Williams
1069,1308689,Yuawi
1070,500,Bruno Mars
1071,1277361,Austyn Johnson
1072,1277364,Loren Allred
1073,364644,Bomba Est√©reo
1074,1514198,Liam Payne & Rita Ora
1075,1560123,Karol G & Anuel AA
1076,1402753,Greeicy
1077,1308689,Yuawi
1078,1130186,DJ Kass
1079,609667,Camila Cabello
1080,8362,Enrique Iglesias
1081,609667,Camila Cabello
1082,609667,Camila Cabello
1083,609667,Camila Cabello
1084,609667,Camila Cabello
1085,609667,Camila Cabello
1086,609667,Camila Cabello
1087,609667,Camila Cabello
1088,555561,Dua Lipa
1089,1452123,Becky G & Natti Natasha
1090,31849,The Cranberries
1091,31849,The Cranberries
1092,1113863,HotSpanish
1093,17621,Slim Lean
1094,31849,The Cranberries
1095,31849,The Cranberries
1096,31849,The Cranberries
1097,31849,The Cranberries
1098,1177,Taylor Swift
1099,1421,Kendrick Lamar
1100,161507,Troye Sivan
1101,31849,The Cranberries
1102,361468,Caf√© Tacvba
1103,1119780,Luis Fonsi & Daddy Yankee
1104,1440188,Cardi B
1105,150934,The Chainsmokers
1106,17621,Slim Lean
1107,1440188,Cardi B
1108,640693,Ozuna
1109,130,Drake
1110,78828,Laura Pausini
1111,458858,Sebasti√°n Yatra
1112,1239616,Cornelio Vega & Su Dinast√≠a
1113,49549,Danny Ocean
1114,458858,Sebasti√°n Yatra
1115,500,Bruno Mars
1116,1033670,Bazzi
1117,640693,Ozuna
1118,500,Bruno Mars
1119,484307,Mon Laferte
1120,2358,The Weeknd
1121,334,Justin Timberlake
1122,2358,The Weeknd
1123,484307,Mon Laferte
1124,452120,El Bebeto
1125,344693,Carlos Vives
1126,500,Bruno Mars
1127,1084521,Zedd & Alessia Cara
1128,182312,Zoey Dollaz
1129,284075,Maite Perroni
1130,182312,Zoey Dollaz
1131,1130186,DJ Kass
1132,1421,Kendrick Lamar
1133,1211823,Mau y Ricky
1134,405156,Leslie Grace
1135,1130186,DJ Kass
1136,1421,Kendrick Lamar
1137,1402544,Marshmello & Anne-Marie
1138,581698,Liam Payne
1139,1421,Kendrick Lamar
1140,405252,Ariel Camacho Y Los Plebes Del Rancho
1141,1228503,Virl√°n Garc√≠a
1142,581698,Liam Payne
1143,1052299,Hailee Steinfeld & Grey
1144,1587228,Chris Jeday
1145,1052299,Hailee Steinfeld & Grey
1146,498,Beyonc√©
1147,87946,A Great Big World
1148,201194,Meghan Trainor
1149,539524,Matisse & Sadko
1150,2300,Adele
1151,1019877,Alex Sensation
1152,1151884,Alta Consigna
1153,1440188,Cardi B
1154,346373,Reik
1155,406125,Sof√≠a Reyes
1156,491975,Morat
1157,50963,Nacho
1158,326362,Post Malone
1159,1440188,Cardi B
1160,1064468,Ulices Chaidez Y Sus Plebes
1161,491975,Morat
1162,453636,Alfredo Olivas
1163,1254513,BlocBoy JB
1164,150934,The Chainsmokers
1165,29472,Imagine Dragons
1166,29472,Imagine Dragons
1167,828,Ricky Martin
1168,344914,Alejandro Fern√°ndez
1169,326362,Post Malone
1170,64610,5 Seconds of Summer
1171,326362,Post Malone
1172,491975,Morat
1173,381820,El Pelon Del Mikrophone
1174,1084521,Zedd & Alessia Cara
1175,490779,Banda Sinaloense MS de Sergio Liz√°rraga
1176,359499,Caifanes
1177,1440188,Cardi B
1178,1444143,Billie Eilish & Khalid
1179,1440188,Cardi B
1180,48433,RBD
1181,48433,RBD
1182,29472,Imagine Dragons
1183,29472,Imagine Dragons
1184,182312,Zoey Dollaz
1185,182312,Zoey Dollaz
1186,182312,Zoey Dollaz
1187,1407355,Nicky Jam & J Balvin
1188,1560123,Karol G & Anuel AA
1189,403538,Zion & Lennox
1190,1196714,Khea
1191,621216,Rels B
1192,17974,Karpe Diem
1193,409643,Julia Michaels
1194,455477,Wolfine
1195,13531,Demi Lovato
1196,1587228,Chris Jeday
1197,396565,XXXTENTACION
1198,405415,Maluma
1199,364644,Bomba Est√©reo
1200,13539,Maroon 5
1201,36416,Rudimental
1202,352970,Ha-Ash
1203,388604,Juan Mag√°n
1204,344442,David Bisbal
1205,405706,Piso 21
1206,396565,XXXTENTACION
1207,1576647,Bad Bunny
1208,1196714,Khea
1209,622140,CNCO
1210,1344744,N√°balez
1211,860,Gorillaz
1212,150934,The Chainsmokers
1213,195029,Shawn Mendes
1214,402322,La Arrolladora Banda El Lim√≥n De Ren√© Camacho
1215,480487,Mario Bautista
1216,195029,Shawn Mendes
1217,43316,Prince and the Revolution
1218,182312,Zoey Dollaz
1219,402322,La Arrolladora Banda El Lim√≥n De Ren√© Camacho
1220,402322,La Arrolladora Banda El Lim√≥n De Ren√© Camacho
1221,402322,La Arrolladora Banda El Lim√≥n De Ren√© Camacho
1222,453636,Alfredo Olivas
1223,278419,Soda Stereo
1224,2358,The Weeknd
1225,2358,The Weeknd
1226,2358,The Weeknd
1227,2358,The Weeknd
1228,2358,The Weeknd
1229,2358,The Weeknd
1230,1177,Taylor Swift
1231,406029,Reykon
1232,357275,H√©roes Del Silencio
1233,458858,Sebasti√°n Yatra
1234,2578,David Guetta
1235,353513,Duncan Dhu
1236,740,Sean Paul
1237,599,The Killers
1238,2069,Calvin Harris
1239,622140,CNCO
1240,622140,CNCO
1241,640693,Ozuna
1242,622140,CNCO
1243,182312,Zoey Dollaz
1244,622140,CNCO
1245,1118631,Yashua
1246,1118631,Yashua
1247,599,The Killers
1248,599,The Killers
1249,354376,Luis Miguel
1250,1464085,Edwin Luna Y La Trakalosa De Monterrey
1251,1130186,DJ Kass
1252,621678,Cardi B
1253,357907,Los Enanitos Verdes
1254,130,Drake
1255,458858,Sebasti√°n Yatra
1256,1147558,Paulo Londra
1257,1033670,Bazzi
1258,1443544,JD Pantoja
1259,357911,Jaguares
1260,1033670,Bazzi
1261,1440188,Cardi B
1262,371779,Carlos Rivera
1263,339472,ZAYN
1264,139656,Cosculluela
1265,32132,Yandel
1266,1593971,Nio Garc√≠a
1267,654932,Lil Pump
1268,532296,Ana Mena
1269,370982,La Uni√∏n
1270,359205,Nacha Pop
1271,1064869,Dennis Lloyd
1272,640693,Ozuna
1273,182312,Zoey Dollaz
1274,182312,Zoey Dollaz
1275,182312,Zoey Dollaz
1276,182312,Zoey Dollaz
1277,182312,Zoey Dollaz
1278,182312,Zoey Dollaz
1279,182312,Zoey Dollaz
1280,182312,Zoey Dollaz
1281,182312,Zoey Dollaz
1282,182312,Zoey Dollaz
1283,182312,Zoey Dollaz
1284,26507,Ariana Grande
1285,17491,Avicii
1286,17491,Avicii
1287,581698,Liam Payne
1288,17491,Avicii
1289,17491,Avicii
1290,17491,Avicii
1291,30426,Becky G
1292,150934,The Chainsmokers
1293,17491,Avicii
1294,17491,Avicii
1295,17491,Avicii
1296,17491,Avicii
1297,17491,Avicii
1298,17491,Avicii
1299,17491,Avicii
1300,17491,Avicii
1301,17491,Avicii
1302,1228503,Virl√°n Garc√≠a
1303,362561,Bunbury
1304,350763,Diego Boneta
1305,354376,Luis Miguel
1306,350763,Diego Boneta
1307,354376,Luis Miguel
1308,354376,Luis Miguel
1309,354376,Luis Miguel
1310,354376,Luis Miguel
1311,350763,Diego Boneta
1312,354376,Luis Miguel
1313,354376,Luis Miguel
1314,354376,Luis Miguel
1315,354376,Luis Miguel
1316,2578,David Guetta
1317,381117,Monsieur Perin√©
1318,1036798,Jon Z
1319,326362,Post Malone
1320,326362,Post Malone
1321,640693,Ozuna
1322,326362,Post Malone
1323,326362,Post Malone
1324,2487,Jennifer Lopez
1325,1217303,Raymix
1326,1442758,Residente & Dillon Francis
1327,326362,Post Malone
1328,1119780,Luis Fonsi & Daddy Yankee
1329,1130186,DJ Kass
1330,67223,Yuridia
1331,455477,Wolfine
1332,405415,Maluma
1333,195029,Shawn Mendes
1334,1440188,Cardi B
1335,8362,Enrique Iglesias
1336,406029,Reykon
1337,405415,Maluma
1338,1467295,Matt Hunter & Lele Pons
1339,354376,Luis Miguel
1340,1745,Childish Gambino
1341,1147558,Paulo Londra
1342,344454,Roc√≠o D√∫rcal
1343,405706,Piso 21
1344,12297,Arctic Monkeys
1345,12297,Arctic Monkeys
1346,12297,Arctic Monkeys
1347,12297,Arctic Monkeys
1348,12297,Arctic Monkeys
1349,12297,Arctic Monkeys
1350,12297,Arctic Monkeys
1351,12297,Arctic Monkeys
1352,12297,Arctic Monkeys
1353,45372,Selena Gomez
1354,1440188,Cardi B
1355,405706,Piso 21
1356,12297,Arctic Monkeys
1357,12297,Arctic Monkeys
1358,50963,Nacho
1359,250301,Charlie Puth
1360,405706,Piso 21
1361,1576647,Bad Bunny
1362,1560123,Karol G & Anuel AA
1363,354376,Luis Miguel
1364,354376,Luis Miguel
1365,354376,Luis Miguel
1366,354376,Luis Miguel
1367,354376,Luis Miguel
1368,354376,Luis Miguel
1369,354376,Luis Miguel
1370,354376,Luis Miguel
1371,354376,Luis Miguel
1372,354376,Luis Miguel
1373,498,Beyonc√©
1374,354376,Luis Miguel
1375,354376,Luis Miguel
1376,354376,Luis Miguel
1377,405415,Maluma
1378,458858,Sebasti√°n Yatra
1379,458858,Sebasti√°n Yatra
1380,405415,Maluma
1381,405415,Maluma
1382,458858,Sebasti√°n Yatra
1383,70113,BTS
1384,458858,Sebasti√°n Yatra
1385,405415,Maluma
1386,1440188,Cardi B
1387,45372,Selena Gomez
1388,110,Pharrell Williams
1389,70113,BTS
1390,458858,Sebasti√°n Yatra
1391,458858,Sebasti√°n Yatra
1392,70113,BTS
1393,130,Drake
1394,1440188,Cardi B
1395,1440188,Cardi B
1396,1440188,Cardi B
1397,1440188,Cardi B
1398,1440188,Cardi B
1399,350763,Diego Boneta
1400,195029,Shawn Mendes
1401,1440188,Cardi B
1402,195029,Shawn Mendes
1403,1407355,Nicky Jam & J Balvin
1404,1440188,Cardi B
1405,195029,Shawn Mendes
1406,1440188,Cardi B
1407,1440188,Cardi B
1408,339472,ZAYN
1409,525432,Justin Quiles
1410,740,Sean Paul
1411,38586,‚Äãa-ha
1412,614962,Kidd Keo
1413,13539,Maroon 5
1414,1467082,Logic & Juanes
1415,343803,Thal√≠a
1416,860,Gorillaz
1417,277076,Pablo Albor√°n
1418,371779,Carlos Rivera
1419,278419,Soda Stereo
1420,1120857,Lenin Ramirez
1421,106693,Clean Bandit
1422,64610,5 Seconds of Summer
1423,1405,Shakira
1424,491975,Morat
1425,8371,Solange
1426,130,Drake
1427,367239,Los √Ångeles Azules
1428,1316674,El De La Guitarra
1429,344501,Jos√© Jos√©
1430,1444143,Billie Eilish & Khalid
1431,350763,Diego Boneta
1432,1232654,Ti√´sto & Dzeko
1433,13539,Maroon 5
1434,64610,5 Seconds of Summer
1435,1119780,Luis Fonsi & Daddy Yankee
1436,1119780,Luis Fonsi & Daddy Yankee
1437,278311,Kygo
1438,1296540,Martin Garrix & Dua Lipa
1439,347385,Calibre 50
1440,1528553,Brytiago & Darell
1441,1071702,Joss Favela
1442,452511,Adriel Favela
1443,1255934,Grupo Codiciado
1444,1316674,El De La Guitarra
1445,396565,XXXTENTACION
1446,396565,XXXTENTACION
1447,396565,XXXTENTACION
1448,396565,XXXTENTACION
1449,396565,XXXTENTACION
1450,396565,XXXTENTACION
1451,396565,XXXTENTACION
1452,396565,XXXTENTACION
1453,396565,XXXTENTACION
1454,1237094,Juice WRLD
1455,26507,Ariana Grande
1456,26507,Ariana Grande
1457,371779,Carlos Rivera
1458,721,Tinie Tempah
1459,1345224,Migos
1460,350763,Diego Boneta
1461,554,Tyga
1462,1440188,Cardi B
1463,130,Drake
1464,130,Drake
1465,640693,Ozuna
1466,1407355,Nicky Jam & J Balvin
1467,130,Drake
1468,130,Drake
1469,130,Drake
1470,130,Drake
1471,130,Drake
1472,130,Drake
1473,860,Gorillaz
1474,130,Drake
1475,860,Gorillaz
1476,130,Drake
1477,130,Drake
1478,130,Drake
1479,130,Drake
1480,860,Gorillaz
1481,860,Gorillaz
1482,50963,Nacho
1483,130,Drake
1484,860,Gorillaz
1485,484298,Alvaro Soler
1486,699788,Molo
1487,1515154,Arc√°ngel & Bad Bunny
1488,1151884,Alta Consigna
1489,388604,Juan Mag√°n
1490,1119780,Luis Fonsi & Daddy Yankee
1491,29472,Imagine Dragons
1492,29472,Imagine Dragons
1493,344442,David Bisbal
1494,374824,Joey Montana
1495,344914,Alejandro Fern√°ndez
1496,388604,Juan Mag√°n
1497,1119780,Luis Fonsi & Daddy Yankee
1498,1587228,Chris Jeday
1499,1560123,Karol G & Anuel AA
1500,388604,Juan Mag√°n
1501,1119780,Luis Fonsi & Daddy Yankee
1502,130,Drake
1503,491975,Morat
1504,1119780,Luis Fonsi & Daddy Yankee
1505,1119780,Luis Fonsi & Daddy Yankee
1506,352807,Banda Los Recoditos
1507,1255934,Grupo Codiciado
1508,354376,Luis Miguel
1509,182312,Zoey Dollaz
1510,182312,Zoey Dollaz
1511,62408,Raphael de la Ghetto
1512,23796,‚Äãtwenty one pilots
1513,23796,‚Äãtwenty one pilots
1514,1227382,DOB
1515,26507,Ariana Grande
1516,1515154,Arc√°ngel & Bad Bunny
1517,1745,Childish Gambino
1518,1396173,Marcos Menchaca
1519,355912,La Mosca Ts√©-Ts√©
1520,1654768,Grupo Arranke
1521,344597,Pancho Barraza
1522,355570,Joan Sebastian
1523,989559,Loud Luxury
1524,1237094,Juice WRLD
1525,665697,Janieck
1526,17491,Avicii
1527,632979,Jonas Blue
1528,130,Drake
1529,17085,Cartel de Santa
1530,130,Drake
1531,130,Drake
1532,1443544,JD Pantoja
1533,347385,Calibre 50
1534,29472,Imagine Dragons
1535,622140,CNCO
1536,347385,Calibre 50
1537,624481,Anuel AA
1538,388552,Remmy Valenzuela
1539,357527,Los Tucanes De Tijuana
1540,1124097,6ix9ine
1541,130,Drake
1542,1147558,Paulo Londra
1543,1560123,Karol G & Anuel AA
1544,29472,Imagine Dragons
1545,29472,Imagine Dragons
1546,43383,Sam Smith
1547,1132272,Manuel Turizo
1548,158,DJ Khaled
1549,482494,La adictiva banda san jos√© de mesillas
1550,1452123,Becky G & Natti Natasha
1551,1560750,Dynoro & Gigi D'Agostino
1552,828,Ricky Martin
1553,624480,Bryant Myers
1554,0,
1555,1409820,Lil'Boula
1556,1027971,Triburbana035
1557,0,
1558,30426,Becky G
1559,721,Tinie Tempah
1560,50963,Nacho
1561,20185,Travis Scott
1562,185672,MC Davo
1563,484298,Alvaro Soler
1564,1407355,Nicky Jam & J Balvin
1565,23665,Kurt Cobain
1566,1628850,‚Äãbenny blanco
1567,20185,Travis Scott
1568,989559,Loud Luxury
1569,26369,Tame Impala
1570,405415,Maluma
1571,49549,Danny Ocean
1572,458858,Sebasti√°n Yatra
1573,371779,Carlos Rivera
1574,453424,Ximena Sari√±ana
1575,182312,Zoey Dollaz
1576,699788,Molo
1577,490779,Banda Sinaloense MS de Sergio Liz√°rraga
1578,1724859,Anitta & J Balvin
1579,354376,Luis Miguel
1580,354376,Luis Miguel
1581,1108,Aretha Franklin
1582,26507,Ariana Grande
1583,26507,Ariana Grande
1584,26507,Ariana Grande
1585,26507,Ariana Grande
1586,26507,Ariana Grande
1587,2069,Calvin Harris
1588,26507,Ariana Grande
1589,26507,Ariana Grande
1590,26507,Ariana Grande
1591,26507,Ariana Grande
1592,480487,Mario Bautista
1593,26507,Ariana Grande
1594,1469188,Lele Pons
1595,26507,Ariana Grande
1596,26507,Ariana Grande
1597,26507,Ariana Grande
1598,26507,Ariana Grande
1599,26507,Ariana Grande
1600,624481,Anuel AA
1601,1440188,Cardi B
1602,453636,Alfredo Olivas
1603,1142143,Alex Rose
1604,8231,Mark Ronson
1605,1033670,Bazzi
1606,640693,Ozuna
1607,640693,Ozuna
1608,640693,Ozuna
1609,640693,Ozuna
1610,70113,BTS
1611,640693,Ozuna
1612,699788,Molo
1613,70113,BTS
1614,640693,Ozuna
1615,640693,Ozuna
1616,699788,Molo
1617,640693,Ozuna
1618,640693,Ozuna
1619,640693,Ozuna
1620,1266228,Pinkfong
1621,640693,Ozuna
1622,640693,Ozuna
1623,640693,Ozuna
1624,1402544,Marshmello & Anne-Marie
1625,12417,A$AP Rocky
1626,354949,Juan Gabriel
1627,23796,‚Äãtwenty one pilots
1628,354949,Juan Gabriel
1629,1543249,Drake & Michael Jackson
1630,1464085,Edwin Luna Y La Trakalosa De Monterrey
1631,346373,Reik
1632,1124097,6ix9ine
1633,343803,Thal√≠a
1634,344914,Alejandro Fern√°ndez
1635,1030558,"Pacho ""El Antifeka"""
1636,45,Eminem
1637,45,Eminem
1638,16775,Sia
1639,13663,Jason Mraz
1640,1569564,Silk City & Dua Lipa
1641,371779,Carlos Rivera
1642,484307,Mon Laferte
1643,1296456,Rvssian
1644,371779,Carlos Rivera
1645,371779,Carlos Rivera
1646,127606,Luciano
1647,270518,Paulina Rubio
1648,72,Kanye West
1649,1111425,Christian Nodal
1650,281669,Kevin Rold√°n
1651,453636,Alfredo Olivas
1652,357853,Paty Cant√∫
1653,490779,Banda Sinaloense MS de Sergio Liz√°rraga
1654,2578,David Guetta
1655,491975,Morat
1656,355570,Joan Sebastian
1657,359607,Vicente Fern√°ndez
1658,453706,Mariachi vargas de tecalitlan
1659,359607,Vicente Fern√°ndez
1660,405375,Banda Tierra Sagrada
1661,453706,Mariachi vargas de tecalitlan
1662,485003,Tlen huicani
1663,359607,Vicente Fern√°ndez
1664,359607,Vicente Fern√°ndez
1665,364946,El Chapo De Sinaloa
1666,348219,Banda El Recodo
1667,360164,Jos√© Alfredo Jim√©nez
1668,1560123,Karol G & Anuel AA
1669,359607,Vicente Fern√°ndez
1670,453706,Mariachi vargas de tecalitlan
1671,1464085,Edwin Luna Y La Trakalosa De Monterrey
1672,355409,Pablo Montero
1673,355570,Joan Sebastian
1674,346345,Pepe Aguilar
1675,17764,Jason Derulo
1676,41714,MezzoSangue
1677,569922,Lil Peep
1678,376236,Leonel Garc√≠a
1679,344714,Gloria Trevi
1680,490779,Banda Sinaloense MS de Sergio Liz√°rraga
1681,396531,Ski Mask the Slump God
1682,1217303,Raymix
1683,405706,Piso 21
1684,22863,La Oreja De Van Gogh
1685,1037941,Franco De Vita
1686,41287,DJ Snake
1687,458858,Sebasti√°n Yatra
1688,1589111,Marc Anthony
1689,343803,Thal√≠a
1690,62408,Raphael de la Ghetto
1691,1494027,Lady Gaga & Bradley Cooper
1692,1294340,T3R Elemento
1693,344914,Alejandro Fern√°ndez
1694,150934,The Chainsmokers
1695,352970,Ha-Ash
1696,352970,Ha-Ash
1697,23796,‚Äãtwenty one pilots
1698,1132272,Manuel Turizo
1699,23796,‚Äãtwenty one pilots
1700,23796,‚Äãtwenty one pilots
1701,358252,Danna Paola
1702,23796,‚Äãtwenty one pilots
1703,23796,‚Äãtwenty one pilots
1704,1407355,Nicky Jam & J Balvin
1705,615500,Los Plebes del Rancho de Ariel Camacho
1706,1120857,Lenin Ramirez
1707,45,Eminem
1708,1120857,Lenin Ramirez
1709,355330,Super Junior
1710,1494027,Lady Gaga & Bradley Cooper
1711,355330,Super Junior
1712,41287,DJ Snake
1713,1440188,Cardi B
1714,45120,Drake Bell
1715,624480,Bryant Myers
1716,1405,Shakira
1717,1211823,Mau y Ricky
1718,403538,Zion & Lennox
1719,1405,Shakira
1720,25889,Little Mix
1721,56991,C. Tangana
1722,1119780,Luis Fonsi & Daddy Yankee
1723,555561,Dua Lipa
1724,326362,Post Malone
1725,555561,Dua Lipa
1726,498,Beyonc√©
1727,498,Beyonc√©
1728,1444143,Billie Eilish & Khalid
1729,1521573,Lalo Ebratt
1730,1071702,Joss Favela
1731,498,Beyonc√©
1732,1707137,Pedro Cap√≥ & Farruko
1733,1494027,Lady Gaga & Bradley Cooper
1734,1494027,Lady Gaga & Bradley Cooper
1735,1494027,Lady Gaga & Bradley Cooper
1736,1189492,Ava Max
1737,371779,Carlos Rivera
1738,1280104,G-Eazy & Halsey
1739,491975,Morat
1740,396565,XXXTENTACION
1741,491975,Morat
1742,491975,Morat
1743,491975,Morat
1744,491975,Morat
1745,491975,Morat
1746,491975,Morat
1747,491975,Morat
1748,491975,Morat
1749,491975,Morat
1750,491975,Morat
1751,491975,Morat
1752,13157,Wisin & Yandel
1753,1444143,Billie Eilish & Khalid
1754,1528553,Brytiago & Darell
1755,1444143,Billie Eilish & Khalid
1756,1631138,Kenia OS
1757,20268,AC/DC
1758,1528553,Brytiago & Darell
1759,1560123,Karol G & Anuel AA
1760,624481,Anuel AA
1761,498,Beyonc√©
1762,498,Beyonc√©
1763,453636,Alfredo Olivas
1764,498,Beyonc√©
1765,498,Beyonc√©
1766,26507,Ariana Grande
1767,498,Beyonc√©
1768,498,Beyonc√©
1769,498,Beyonc√©
1770,498,Beyonc√©
1771,498,Beyonc√©
1772,498,Beyonc√©
1773,1147558,Paulo Londra
1774,16775,Sia
1775,30426,Becky G
1776,1620246,Kenny Man
1777,29472,Imagine Dragons
1778,343803,Thal√≠a
1779,29472,Imagine Dragons
1780,2487,Jennifer Lopez
1781,29472,Imagine Dragons
1782,29472,Imagine Dragons
1783,1119780,Luis Fonsi & Daddy Yankee
1784,1528553,Brytiago & Darell
1785,56991,C. Tangana
1786,1132272,Manuel Turizo
1787,13,Gucci Mane
1788,498,Beyonc√©
1789,498,Beyonc√©
1790,2358,The Weeknd
1791,1294340,T3R Elemento
1792,346373,Reik
1793,1707137,Pedro Cap√≥ & Farruko
1794,1440188,Cardi B
1795,622140,CNCO
1796,555561,Dua Lipa
1797,365092,Tommy Torres
1798,344604,Hombres G
1799,405312,Reyli Barba
1800,1124097,6ix9ine
1801,1124097,6ix9ine
1802,13539,Maroon 5
1803,118792,Alejandro Sanz
1804,8231,Mark Ronson
1805,106693,Clean Bandit
1806,118792,Alejandro Sanz
1807,640693,Ozuna
1808,281669,Kevin Rold√°n
1809,1440188,Cardi B
1810,13,Gucci Mane
1811,13157,Wisin & Yandel
1812,1528553,Brytiago & Darell
1813,544795,Alem√°n
1814,1167286,Maikel Delacalle
1815,1528553,Brytiago & Darell
1816,1124097,6ix9ine
1817,1147558,Paulo Londra
1818,13157,Wisin & Yandel
1819,1147558,Paulo Londra
1820,1440188,Cardi B
1821,26507,Ariana Grande
1822,624481,Anuel AA
1823,1443544,JD Pantoja
1824,405706,Piso 21
1825,13157,Wisin & Yandel
1826,13157,Wisin & Yandel
1827,1724859,Anitta & J Balvin
1828,50963,Nacho
1829,453636,Alfredo Olivas
1830,326362,Post Malone
1831,405415,Maluma
1832,1662297,Lunay
1833,1440188,Cardi B
1834,1440188,Cardi B
1835,1068969,YUZI üíî
1836,1440188,Cardi B
1837,1440188,Cardi B
1838,632250,MMZ
1839,1440188,Cardi B
1840,285859,Bobby Helms
1841,26507,Ariana Grande
1842,1440188,Cardi B
1843,1440188,Cardi B
1844,1440188,Cardi B
1845,1440188,Cardi B
1846,456443,Oscar Athie
1847,1440188,Cardi B
1848,1068969,YUZI üíî
1849,368121,Denise de Kalafe
1850,367798,Manuel Mijares
1851,270484,Tatiana Manaois
1852,326362,Post Malone
1853,343596,Daniela Romo
1854,357,Justin Bieber
1855,1440188,Cardi B
1856,32563,Brenda Lee
1857,270484,Tatiana Manaois
1858,624481,Anuel AA
1859,526003,Andy Williams
1860,343936,Ana Bel√©n
1861,376703,Chichi Peralta
1862,57114,Arianna Puello
1863,458379,Los socios del ritmo
1864,26507,Ariana Grande
1865,1217303,Raymix
1866,48433,RBD
1867,44222,Garibaldi
1868,354376,Luis Miguel
1869,43383,Sam Smith
1870,354184,Kabah
1871,367239,Los √Ångeles Azules
1872,1345224,Migos
1873,378559,La Factor√≠a
1874,343525,OV7
1875,270484,Tatiana Manaois
1876,453320,Rayito Colombiano
1877,350496,Los Angeles De Charly
1878,1645245,Willie Col√≥n & Rub√©n Blades
1879,379666,La Sonora Dinamita
1880,367239,Los √Ångeles Azules
1881,375144,Aaron Y Su Grupo Ilusion
1882,354376,Luis Miguel
1883,355570,Joan Sebastian
1884,359228,Laura Le√≥n
1885,1628850,‚Äãbenny blanco
1886,1056723,Amenazzy
1887,640693,Ozuna
1888,456537,Alan Walker
1889,43383,Sam Smith
1890,1203137,The Rudeboyz (Producers)
1891,1694307,Gesaffelstein & The Weeknd
1892,452511,Adriel Favela
1893,1543334,Ed Maverick
1894,50838,Panic! at the Disco
1895,624481,Anuel AA
1896,2069,Calvin Harris
1897,26507,Ariana Grande
1898,458858,Sebasti√°n Yatra
1899,1119780,Luis Fonsi & Daddy Yankee
1900,555561,Dua Lipa
1901,498,Beyonc√©
1902,281669,Kevin Rold√°n
1903,488,John Mayer
1904,609667,Camila Cabello
1905,1444143,Billie Eilish & Khalid
1906,406029,Reykon
1907,656695,Rauw Alejandro
1908,1119780,Luis Fonsi & Daddy Yankee
1909,640693,Ozuna
1910,1119780,Luis Fonsi & Daddy Yankee
1911,267713,ChocQuibTown
1912,1402544,Marshmello & Anne-Marie
1913,13539,Maroon 5
1914,13539,Maroon 5
1915,1307483,Cauty
1916,195029,Shawn Mendes
1917,26507,Ariana Grande
1918,26507,Ariana Grande
1919,26507,Ariana Grande
1920,26507,Ariana Grande
1921,26507,Ariana Grande
1922,26507,Ariana Grande
1923,26507,Ariana Grande
1924,26507,Ariana Grande
1925,26507,Ariana Grande
1926,26507,Ariana Grande
1927,452120,El Bebeto
1928,26507,Ariana Grande
1929,26507,Ariana Grande
1930,1444143,Billie Eilish & Khalid
1931,452424,R√≠o Roma
1932,150934,The Chainsmokers
1933,656695,Rauw Alejandro
1934,1645938,Abraham Vazquez
1935,1147558,Paulo Londra
1936,43383,Sam Smith
1937,185672,MC Davo
1938,369334,Sin Bandera
1939,369334,Sin Bandera
1940,1084521,Zedd & Alessia Cara
1941,621678,Cardi B
1942,1132272,Manuel Turizo
1943,1452123,Becky G & Natti Natasha
1944,49549,Danny Ocean
1945,13157,Wisin & Yandel
1946,52290,Aaron Smith
1947,1541604,Guaynaa
1948,1528553,Brytiago & Darell
1949,338777,Lauv
1950,326362,Post Malone
1951,621216,Rels B
1952,1296456,Rvssian
1953,1693,N.A.S.A.
1954,453224,Banda los sebastianes
1955,1120857,Lenin Ramirez
1956,452120,El Bebeto
1957,498,Beyonc√©
1958,1466087,Nio Garc√≠a
1959,57724,Dalex
1960,378559,La Factor√≠a
1961,8436,Jonas Brothers
1962,405415,Maluma
1963,1628850,‚Äãbenny blanco
1964,1521573,Lalo Ebratt
1965,349674,Julion Alvarez Y Su Norteno Banda
1966,349674,Julion Alvarez Y Su Norteno Banda
1967,349674,Julion Alvarez Y Su Norteno Banda
1968,349674,Julion Alvarez Y Su Norteno Banda
1969,349674,Julion Alvarez Y Su Norteno Banda
1970,1111425,Christian Nodal
1971,1549181,Paloma Mami
1972,356526,Chico Trujillo
1973,624481,Anuel AA
1974,624481,Anuel AA
1975,624481,Anuel AA
